-44.0,40.0,40.0,40.0,40.0,40.0,40.0,40.0,-0.0,-0.0,-0.0,-0.0,-0.0,-0.0,-0.0,-0.0,-0.0,-0.0,-0.0,-0.0,-0.0,-0.0,-0.0,-0.0,-0.0,-0.0,-0.0,-0.0,-0.0,-0.0,-0.0,-0.0,-0.0,-0.0,-0.0,-0.0,-0.0,-0.0,-0.0,-0.0,-0.0,-0.0,-0.0,-0.0,-0.0,-0.0,-0.0,-0.0,-0.0,-0.0,-0.0,-0.0,-0.0,-0.0,-0.0,-0.0,-0.0,-0.0,-0.0,-0.0,-0.0,-0.0,-0.0,-0.0,-0.0,-0.0,-0.0,-0.0,-0.0,-0.0,-0.0,-0.0,-0.0,-0.0,-0.0,-0.0,-0.0,-0.0,-0.0,-0.0,-0.0,-0.0,-0.0,-0.0,-0.0,-0.0,-0.0,-0.0,-0.0,-0.0,-0.0,-0.0,-0.0,-0.0,-0.0,-0.0
-0.0,-28.0,40.0,40.0,40.0,40.0,40.0,40.0,-0.0,80.0,-0.0,-0.0,-0.0,-0.0,40.0,-0.0,-0.0,40.0,-0.0,-0.0,-0.0,-0.0,-0.0,-0.0,-0.0,40.0,-0.0,-0.0,-0.0,-0.0,-0.0,-0.0,-0.0,40.0,-0.0,-0.0,-0.0,-0.0,-0.0,-0.0,-0.0,40.0,-0.0,-0.0,-0.0,-0.0,-0.0,-0.0,-0.0,40.0,-0.0,-0.0,-0.0,-0.0,-0.0,-0.0,-0.0,40.0,-0.0,-0.0,-0.0,-0.0,-0.0,-0.0,-0.0,40.0,-0.0,-0.0,-0.0,-0.0,-0.0,-0.0,-0.0,40.0,-0.0,-0.0,-0.0,-0.0,-0.0,-0.0,-0.0,40.0,-0.0,-0.0,-0.0,-0.0,-0.0,-0.0,-0.0,40.0,-0.0,-0.0,-0.0,-0.0,-0.0,-0.0
-0.0,-0.0,-32.0,40.0,40.0,40.0,40.0,40.0,-0.0,40.0,80.0,40.0,40.0,40.0,40.0,-0.0,-0.0,-0.0,40.0,-0.0,-0.0,-0.0,-0.0,-0.0,-0.0,-0.0,40.0,-0.0,-0.0,-0.0,-0.0,-0.0,-0.0,-0.0,40.0,-0.0,-0.0,-0.0,-0.0,-0.0,-0.0,-0.0,40.0,-0.0,-0.0,-0.0,-0.0,-0.0,-0.0,-0.0,40.0,-0.0,-0.0,-0.0,-0.0,-0.0,-0.0,-0.0,40.0,-0.0,-0.0,-0.0,-0.0,-0.0,-0.0,-0.0,40.0,-0.0,-0.0,-0.0,-0.0,-0.0,-0.0,-0.0,40.0,-0.0,-0.0,-0.0,-0.0,-0.0,-0.0,-0.0,40.0,-0.0,-0.0,-0.0,-0.0,-0.0,-0.0,-0.0,40.0,-0.0,-0.0,-0.0,-0.0,-0.0
-0.0,-0.0,-0.0,-32.0,40.0,40.0,40.0,40.0,-0.0,40.0,40.0,80.0,40.0,40.0,40.0,-0.0,-0.0,-0.0,-0.0,40.0,-0.0,-0.0,-0.0,-0.0,-0.0,-0.0,-0.0,40.0,-0.0,-0.0,-0.0,-0.0,-0.0,-0.0,-0.0,40.0,-0.0,-0.0,-0.0,-0.0,-0.0,-0.0,-0.0,40.0,-0.0,-0.0,-0.0,-0.0,-0.0,-0.0,-0.0,40.0,-0.0,-0.0,-0.0,-0.0,-0.0,-0.0,-0.0,40.0,-0.0,-0.0,-0.0,-0.0,-0.0,-0.0,-0.0,40.0,-0.0,-0.0,-0.0,-0.0,-0.0,-0.0,-0.0,40.0,-0.0,-0.0,-0.0,-0.0,-0.0,-0.0,-0.0,40.0,-0.0,-0.0,-0.0,-0.0,-0.0,-0.0,-0.0,40.0,-0.0,-0.0,-0.0,-0.0
-0.0,-0.0,-0.0,-0.0,-28.0,40.0,40.0,40.0,-0.0,40.0,-0.0,-0.0,80.0,40.0,40.0,-0.0,-0.0,-0.0,-0.0,-0.0,40.0,-0.0,-0.0,-0.0,-0.0,-0.0,-0.0,-0.0,40.0,-0.0,-0.0,-0.0,-0.0,-0.0,-0.0,-0.0,40.0,-0.0,-0.0,-0.0,-0.0,-0.0,-0.0,-0.0,40.0,-0.0,-0.0,-0.0,-0.0,-0.0,-0.0,-0.0,40.0,-0.0,-0.0,-0.0,-0.0,-0.0,-0.0,-0.0,40.0,-0.0,-0.0,-0.0,-0.0,-0.0,-0.0,-0.0,40.0,-0.0,-0.0,-0.0,-0.0,-0.0,-0.0,-0.0,40.0,-0.0,-0.0,-0.0,-0.0,-0.0,-0.0,-0.0,40.0,-0.0,-0.0,-0.0,-0.0,-0.0,-0.0,-0.0,40.0,-0.0,-0.0,-0.0
-0.0,-0.0,-0.0,-0.0,-0.0,-28.0,40.0,40.0,-0.0,40.0,-0.0,-0.0,40.0,80.0,40.0,-0.0,-0.0,-0.0,-0.0,-0.0,-0.0,40.0,-0.0,-0.0,-0.0,-0.0,-0.0,-0.0,-0.0,40.0,-0.0,-0.0,-0.0,-0.0,-0.0,-0.0,-0.0,40.0,-0.0,-0.0,-0.0,-0.0,-0.0,-0.0,-0.0,40.0,-0.0,-0.0,-0.0,-0.0,-0.0,-0.0,-0.0,40.0,-0.0,-0.0,-0.0,-0.0,-0.0,-0.0,-0.0,40.0,-0.0,-0.0,-0.0,-0.0,-0.0,-0.0,-0.0,40.0,-0.0,-0.0,-0.0,-0.0,-0.0,-0.0,-0.0,40.0,-0.0,-0.0,-0.0,-0.0,-0.0,-0.0,-0.0,40.0,-0.0,-0.0,-0.0,-0.0,-0.0,-0.0,-0.0,40.0,-0.0,-0.0
-0.0,-0.0,-0.0,-0.0,-0.0,-0.0,-28.0,40.0,-0.0,40.0,-0.0,-0.0,-0.0,-0.0,80.0,-0.0,-0.0,-0.0,-0.0,-0.0,-0.0,-0.0,40.0,-0.0,-0.0,-0.0,-0.0,-0.0,-0.0,-0.0,40.0,-0.0,-0.0,-0.0,-0.0,-0.0,-0.0,-0.0,40.0,-0.0,-0.0,-0.0,-0.0,-0.0,-0.0,-0.0,40.0,-0.0,-0.0,-0.0,-0.0,-0.0,-0.0,-0.0,40.0,-0.0,-0.0,-0.0,-0.0,-0.0,-0.0,-0.0,40.0,-0.0,-0.0,-0.0,-0.0,-0.0,-0.0,-0.0,40.0,-0.0,-0.0,-0.0,-0.0,-0.0,-0.0,-0.0,40.0,-0.0,-0.0,-0.0,-0.0,-0.0,-0.0,-0.0,40.0,-0.0,-0.0,-0.0,-0.0,-0.0,-0.0,-0.0,40.0,-0.0
-0.0,-0.0,-0.0,-0.0,-0.0,-0.0,-0.0,-32.0,-0.0,40.0,40.0,40.0,40.0,40.0,40.0,80.0,-0.0,-0.0,-0.0,-0.0,-0.0,-0.0,-0.0,40.0,-0.0,-0.0,-0.0,-0.0,-0.0,-0.0,-0.0,40.0,-0.0,-0.0,-0.0,-0.0,-0.0,-0.0,-0.0,40.0,-0.0,-0.0,-0.0,-0.0,-0.0,-0.0,-0.0,40.0,-0.0,-0.0,-0.0,-0.0,-0.0,-0.0,-0.0,40.0,-0.0,-0.0,-0.0,-0.0,-0.0,-0.0,-0.0,40.0,-0.0,-0.0,-0.0,-0.0,-0.0,-0.0,-0.0,40.0,-0.0,-0.0,-0.0,-0.0,-0.0,-0.0,-0.0,40.0,-0.0,-0.0,-0.0,-0.0,-0.0,-0.0,-0.0,40.0,-0.0,-0.0,-0.0,-0.0,-0.0,-0.0,-0.0,40.0
-0.0,-0.0,-0.0,-0.0,-0.0,-0.0,-0.0,-0.0,-24.0,40.0,40.0,40.0,40.0,40.0,40.0,40.0,-0.0,40.0,40.0,40.0,40.0,40.0,40.0,40.0,-0.0,-0.0,-0.0,-0.0,-0.0,-0.0,-0.0,-0.0,-0.0,-0.0,-0.0,-0.0,-0.0,-0.0,-0.0,-0.0,-0.0,-0.0,-0.0,-0.0,-0.0,-0.0,-0.0,-0.0,-0.0,-0.0,-0.0,-0.0,-0.0,-0.0,-0.0,-0.0,-0.0,-0.0,-0.0,-0.0,-0.0,-0.0,-0.0,-0.0,-0.0,-0.0,-0.0,-0.0,-0.0,-0.0,-0.0,-0.0,-0.0,-0.0,-0.0,-0.0,-0.0,-0.0,-0.0,-0.0,-0.0,-0.0,-0.0,-0.0,-0.0,-0.0,-0.0,-0.0,-0.0,-0.0,-0.0,-0.0,-0.0,-0.0,-0.0,-0.0
-0.0,-0.0,-0.0,-0.0,-0.0,-0.0,-0.0,-0.0,-0.0,-52.0,40.0,40.0,40.0,40.0,40.0,40.0,-0.0,80.0,-0.0,-0.0,-0.0,-0.0,40.0,-0.0,-0.0,40.0,-0.0,-0.0,-0.0,-0.0,-0.0,-0.0,-0.0,40.0,-0.0,-0.0,-0.0,-0.0,-0.0,-0.0,-0.0,40.0,-0.0,-0.0,-0.0,-0.0,-0.0,-0.0,-0.0,40.0,-0.0,-0.0,-0.0,-0.0,-0.0,-0.0,-0.0,40.0,-0.0,-0.0,-0.0,-0.0,-0.0,-0.0,-0.0,40.0,-0.0,-0.0,-0.0,-0.0,-0.0,-0.0,-0.0,40.0,-0.0,-0.0,-0.0,-0.0,-0.0,-0.0,-0.0,40.0,-0.0,-0.0,-0.0,-0.0,-0.0,-0.0,-0.0,40.0,-0.0,-0.0,-0.0,-0.0,-0.0,-0.0
-0.0,-0.0,-0.0,-0.0,-0.0,-0.0,-0.0,-0.0,-0.0,-0.0,-52.0,40.0,40.0,40.0,40.0,40.0,-0.0,40.0,80.0,40.0,40.0,40.0,40.0,-0.0,-0.0,-0.0,40.0,-0.0,-0.0,-0.0,-0.0,-0.0,-0.0,-0.0,40.0,-0.0,-0.0,-0.0,-0.0,-0.0,-0.0,-0.0,40.0,-0.0,-0.0,-0.0,-0.0,-0.0,-0.0,-0.0,40.0,-0.0,-0.0,-0.0,-0.0,-0.0,-0.0,-0.0,40.0,-0.0,-0.0,-0.0,-0.0,-0.0,-0.0,-0.0,40.0,-0.0,-0.0,-0.0,-0.0,-0.0,-0.0,-0.0,40.0,-0.0,-0.0,-0.0,-0.0,-0.0,-0.0,-0.0,40.0,-0.0,-0.0,-0.0,-0.0,-0.0,-0.0,-0.0,40.0,-0.0,-0.0,-0.0,-0.0,-0.0
-0.0,-0.0,-0.0,-0.0,-0.0,-0.0,-0.0,-0.0,-0.0,-0.0,-0.0,-52.0,40.0,40.0,40.0,40.0,-0.0,40.0,40.0,80.0,40.0,40.0,40.0,-0.0,-0.0,-0.0,-0.0,40.0,-0.0,-0.0,-0.0,-0.0,-0.0,-0.0,-0.0,40.0,-0.0,-0.0,-0.0,-0.0,-0.0,-0.0,-0.0,40.0,-0.0,-0.0,-0.0,-0.0,-0.0,-0.0,-0.0,40.0,-0.0,-0.0,-0.0,-0.0,-0.0,-0.0,-0.0,40.0,-0.0,-0.0,-0.0,-0.0,-0.0,-0.0,-0.0,40.0,-0.0,-0.0,-0.0,-0.0,-0.0,-0.0,-0.0,40.0,-0.0,-0.0,-0.0,-0.0,-0.0,-0.0,-0.0,40.0,-0.0,-0.0,-0.0,-0.0,-0.0,-0.0,-0.0,40.0,-0.0,-0.0,-0.0,-0.0
-0.0,-0.0,-0.0,-0.0,-0.0,-0.0,-0.0,-0.0,-0.0,-0.0,-0.0,-0.0,-52.0,40.0,40.0,40.0,-0.0,40.0,-0.0,-0.0,80.0,40.0,40.0,-0.0,-0.0,-0.0,-0.0,-0.0,40.0,-0.0,-0.0,-0.0,-0.0,-0.0,-0.0,-0.0,40.0,-0.0,-0.0,-0.0,-0.0,-0.0,-0.0,-0.0,40.0,-0.0,-0.0,-0.0,-0.0,-0.0,-0.0,-0.0,40.0,-0.0,-0.0,-0.0,-0.0,-0.0,-0.0,-0.0,40.0,-0.0,-0.0,-0.0,-0.0,-0.0,-0.0,-0.0,40.0,-0.0,-0.0,-0.0,-0.0,-0.0,-0.0,-0.0,40.0,-0.0,-0.0,-0.0,-0.0,-0.0,-0.0,-0.0,40.0,-0.0,-0.0,-0.0,-0.0,-0.0,-0.0,-0.0,40.0,-0.0,-0.0,-0.0
-0.0,-0.0,-0.0,-0.0,-0.0,-0.0,-0.0,-0.0,-0.0,-0.0,-0.0,-0.0,-0.0,-52.0,40.0,40.0,-0.0,40.0,-0.0,-0.0,40.0,80.0,40.0,-0.0,-0.0,-0.0,-0.0,-0.0,-0.0,40.0,-0.0,-0.0,-0.0,-0.0,-0.0,-0.0,-0.0,40.0,-0.0,-0.0,-0.0,-0.0,-0.0,-0.0,-0.0,40.0,-0.0,-0.0,-0.0,-0.0,-0.0,-0.0,-0.0,40.0,-0.0,-0.0,-0.0,-0.0,-0.0,-0.0,-0.0,40.0,-0.0,-0.0,-0.0,-0.0,-0.0,-0.0,-0.0,40.0,-0.0,-0.0,-0.0,-0.0,-0.0,-0.0,-0.0,40.0,-0.0,-0.0,-0.0,-0.0,-0.0,-0.0,-0.0,40.0,-0.0,-0.0,-0.0,-0.0,-0.0,-0.0,-0.0,40.0,-0.0,-0.0
-0.0,-0.0,-0.0,-0.0,-0.0,-0.0,-0.0,-0.0,-0.0,-0.0,-0.0,-0.0,-0.0,-0.0,-52.0,40.0,-0.0,40.0,-0.0,-0.0,-0.0,-0.0,80.0,-0.0,-0.0,-0.0,-0.0,-0.0,-0.0,-0.0,40.0,-0.0,-0.0,-0.0,-0.0,-0.0,-0.0,-0.0,40.0,-0.0,-0.0,-0.0,-0.0,-0.0,-0.0,-0.0,40.0,-0.0,-0.0,-0.0,-0.0,-0.0,-0.0,-0.0,40.0,-0.0,-0.0,-0.0,-0.0,-0.0,-0.0,-0.0,40.0,-0.0,-0.0,-0.0,-0.0,-0.0,-0.0,-0.0,40.0,-0.0,-0.0,-0.0,-0.0,-0.0,-0.0,-0.0,40.0,-0.0,-0.0,-0.0,-0.0,-0.0,-0.0,-0.0,40.0,-0.0,-0.0,-0.0,-0.0,-0.0,-0.0,-0.0,40.0,-0.0
-0.0,-0.0,-0.0,-0.0,-0.0,-0.0,-0.0,-0.0,-0.0,-0.0,-0.0,-0.0,-0.0,-0.0,-0.0,-52.0,-0.0,40.0,40.0,40.0,40.0,40.0,40.0,80.0,-0.0,-0.0,-0.0,-0.0,-0.0,-0.0,-0.0,40.0,-0.0,-0.0,-0.0,-0.0,-0.0,-0.0,-0.0,40.0,-0.0,-0.0,-0.0,-0.0,-0.0,-0.0,-0.0,40.0,-0.0,-0.0,-0.0,-0.0,-0.0,-0.0,-0.0,40.0,-0.0,-0.0,-0.0,-0.0,-0.0,-0.0,-0.0,40.0,-0.0,-0.0,-0.0,-0.0,-0.0,-0.0,-0.0,40.0,-0.0,-0.0,-0.0,-0.0,-0.0,-0.0,-0.0,40.0,-0.0,-0.0,-0.0,-0.0,-0.0,-0.0,-0.0,40.0,-0.0,-0.0,-0.0,-0.0,-0.0,-0.0,-0.0,40.0
-0.0,-0.0,-0.0,-0.0,-0.0,-0.0,-0.0,-0.0,-0.0,-0.0,-0.0,-0.0,-0.0,-0.0,-0.0,-0.0,-24.0,40.0,40.0,40.0,40.0,40.0,40.0,40.0,-0.0,40.0,40.0,40.0,40.0,40.0,40.0,40.0,-0.0,-0.0,-0.0,-0.0,-0.0,-0.0,-0.0,-0.0,-0.0,-0.0,-0.0,-0.0,-0.0,-0.0,-0.0,-0.0,-0.0,-0.0,-0.0,-0.0,-0.0,-0.0,-0.0,-0.0,-0.0,-0.0,-0.0,-0.0,-0.0,-0.0,-0.0,-0.0,-0.0,-0.0,-0.0,-0.0,-0.0,-0.0,-0.0,-0.0,-0.0,-0.0,-0.0,-0.0,-0.0,-0.0,-0.0,-0.0,-0.0,-0.0,-0.0,-0.0,-0.0,-0.0,-0.0,-0.0,-0.0,-0.0,-0.0,-0.0,-0.0,-0.0,-0.0,-0.0
-0.0,-0.0,-0.0,-0.0,-0.0,-0.0,-0.0,-0.0,-0.0,-0.0,-0.0,-0.0,-0.0,-0.0,-0.0,-0.0,-0.0,-52.0,40.0,40.0,40.0,40.0,40.0,40.0,-0.0,80.0,-0.0,-0.0,-0.0,-0.0,40.0,-0.0,-0.0,40.0,-0.0,-0.0,-0.0,-0.0,-0.0,-0.0,-0.0,40.0,-0.0,-0.0,-0.0,-0.0,-0.0,-0.0,-0.0,40.0,-0.0,-0.0,-0.0,-0.0,-0.0,-0.0,-0.0,40.0,-0.0,-0.0,-0.0,-0.0,-0.0,-0.0,-0.0,40.0,-0.0,-0.0,-0.0,-0.0,-0.0,-0.0,-0.0,40.0,-0.0,-0.0,-0.0,-0.0,-0.0,-0.0,-0.0,40.0,-0.0,-0.0,-0.0,-0.0,-0.0,-0.0,-0.0,40.0,-0.0,-0.0,-0.0,-0.0,-0.0,-0.0
-0.0,-0.0,-0.0,-0.0,-0.0,-0.0,-0.0,-0.0,-0.0,-0.0,-0.0,-0.0,-0.0,-0.0,-0.0,-0.0,-0.0,-0.0,-52.0,40.0,40.0,40.0,40.0,40.0,-0.0,40.0,80.0,40.0,40.0,40.0,40.0,-0.0,-0.0,-0.0,40.0,-0.0,-0.0,-0.0,-0.0,-0.0,-0.0,-0.0,40.0,-0.0,-0.0,-0.0,-0.0,-0.0,-0.0,-0.0,40.0,-0.0,-0.0,-0.0,-0.0,-0.0,-0.0,-0.0,40.0,-0.0,-0.0,-0.0,-0.0,-0.0,-0.0,-0.0,40.0,-0.0,-0.0,-0.0,-0.0,-0.0,-0.0,-0.0,40.0,-0.0,-0.0,-0.0,-0.0,-0.0,-0.0,-0.0,40.0,-0.0,-0.0,-0.0,-0.0,-0.0,-0.0,-0.0,40.0,-0.0,-0.0,-0.0,-0.0,-0.0
-0.0,-0.0,-0.0,-0.0,-0.0,-0.0,-0.0,-0.0,-0.0,-0.0,-0.0,-0.0,-0.0,-0.0,-0.0,-0.0,-0.0,-0.0,-0.0,-52.0,40.0,40.0,40.0,40.0,-0.0,40.0,40.0,80.0,40.0,40.0,40.0,-0.0,-0.0,-0.0,-0.0,40.0,-0.0,-0.0,-0.0,-0.0,-0.0,-0.0,-0.0,40.0,-0.0,-0.0,-0.0,-0.0,-0.0,-0.0,-0.0,40.0,-0.0,-0.0,-0.0,-0.0,-0.0,-0.0,-0.0,40.0,-0.0,-0.0,-0.0,-0.0,-0.0,-0.0,-0.0,40.0,-0.0,-0.0,-0.0,-0.0,-0.0,-0.0,-0.0,40.0,-0.0,-0.0,-0.0,-0.0,-0.0,-0.0,-0.0,40.0,-0.0,-0.0,-0.0,-0.0,-0.0,-0.0,-0.0,40.0,-0.0,-0.0,-0.0,-0.0
-0.0,-0.0,-0.0,-0.0,-0.0,-0.0,-0.0,-0.0,-0.0,-0.0,-0.0,-0.0,-0.0,-0.0,-0.0,-0.0,-0.0,-0.0,-0.0,-0.0,-52.0,40.0,40.0,40.0,-0.0,40.0,-0.0,-0.0,80.0,40.0,40.0,-0.0,-0.0,-0.0,-0.0,-0.0,40.0,-0.0,-0.0,-0.0,-0.0,-0.0,-0.0,-0.0,40.0,-0.0,-0.0,-0.0,-0.0,-0.0,-0.0,-0.0,40.0,-0.0,-0.0,-0.0,-0.0,-0.0,-0.0,-0.0,40.0,-0.0,-0.0,-0.0,-0.0,-0.0,-0.0,-0.0,40.0,-0.0,-0.0,-0.0,-0.0,-0.0,-0.0,-0.0,40.0,-0.0,-0.0,-0.0,-0.0,-0.0,-0.0,-0.0,40.0,-0.0,-0.0,-0.0,-0.0,-0.0,-0.0,-0.0,40.0,-0.0,-0.0,-0.0
-0.0,-0.0,-0.0,-0.0,-0.0,-0.0,-0.0,-0.0,-0.0,-0.0,-0.0,-0.0,-0.0,-0.0,-0.0,-0.0,-0.0,-0.0,-0.0,-0.0,-0.0,-52.0,40.0,40.0,-0.0,40.0,-0.0,-0.0,40.0,80.0,40.0,-0.0,-0.0,-0.0,-0.0,-0.0,-0.0,40.0,-0.0,-0.0,-0.0,-0.0,-0.0,-0.0,-0.0,40.0,-0.0,-0.0,-0.0,-0.0,-0.0,-0.0,-0.0,40.0,-0.0,-0.0,-0.0,-0.0,-0.0,-0.0,-0.0,40.0,-0.0,-0.0,-0.0,-0.0,-0.0,-0.0,-0.0,40.0,-0.0,-0.0,-0.0,-0.0,-0.0,-0.0,-0.0,40.0,-0.0,-0.0,-0.0,-0.0,-0.0,-0.0,-0.0,40.0,-0.0,-0.0,-0.0,-0.0,-0.0,-0.0,-0.0,40.0,-0.0,-0.0
-0.0,-0.0,-0.0,-0.0,-0.0,-0.0,-0.0,-0.0,-0.0,-0.0,-0.0,-0.0,-0.0,-0.0,-0.0,-0.0,-0.0,-0.0,-0.0,-0.0,-0.0,-0.0,-52.0,40.0,-0.0,40.0,-0.0,-0.0,-0.0,-0.0,80.0,-0.0,-0.0,-0.0,-0.0,-0.0,-0.0,-0.0,40.0,-0.0,-0.0,-0.0,-0.0,-0.0,-0.0,-0.0,40.0,-0.0,-0.0,-0.0,-0.0,-0.0,-0.0,-0.0,40.0,-0.0,-0.0,-0.0,-0.0,-0.0,-0.0,-0.0,40.0,-0.0,-0.0,-0.0,-0.0,-0.0,-0.0,-0.0,40.0,-0.0,-0.0,-0.0,-0.0,-0.0,-0.0,-0.0,40.0,-0.0,-0.0,-0.0,-0.0,-0.0,-0.0,-0.0,40.0,-0.0,-0.0,-0.0,-0.0,-0.0,-0.0,-0.0,40.0,-0.0
-0.0,-0.0,-0.0,-0.0,-0.0,-0.0,-0.0,-0.0,-0.0,-0.0,-0.0,-0.0,-0.0,-0.0,-0.0,-0.0,-0.0,-0.0,-0.0,-0.0,-0.0,-0.0,-0.0,-52.0,-0.0,40.0,40.0,40.0,40.0,40.0,40.0,80.0,-0.0,-0.0,-0.0,-0.0,-0.0,-0.0,-0.0,40.0,-0.0,-0.0,-0.0,-0.0,-0.0,-0.0,-0.0,40.0,-0.0,-0.0,-0.0,-0.0,-0.0,-0.0,-0.0,40.0,-0.0,-0.0,-0.0,-0.0,-0.0,-0.0,-0.0,40.0,-0.0,-0.0,-0.0,-0.0,-0.0,-0.0,-0.0,40.0,-0.0,-0.0,-0.0,-0.0,-0.0,-0.0,-0.0,40.0,-0.0,-0.0,-0.0,-0.0,-0.0,-0.0,-0.0,40.0,-0.0,-0.0,-0.0,-0.0,-0.0,-0.0,-0.0,40.0
-0.0,-0.0,-0.0,-0.0,-0.0,-0.0,-0.0,-0.0,-0.0,-0.0,-0.0,-0.0,-0.0,-0.0,-0.0,-0.0,-0.0,-0.0,-0.0,-0.0,-0.0,-0.0,-0.0,-0.0,-24.0,40.0,40.0,40.0,40.0,40.0,40.0,40.0,-0.0,40.0,40.0,40.0,40.0,40.0,40.0,40.0,-0.0,-0.0,-0.0,-0.0,-0.0,-0.0,-0.0,-0.0,-0.0,-0.0,-0.0,-0.0,-0.0,-0.0,-0.0,-0.0,-0.0,-0.0,-0.0,-0.0,-0.0,-0.0,-0.0,-0.0,-0.0,-0.0,-0.0,-0.0,-0.0,-0.0,-0.0,-0.0,-0.0,-0.0,-0.0,-0.0,-0.0,-0.0,-0.0,-0.0,-0.0,-0.0,-0.0,-0.0,-0.0,-0.0,-0.0,-0.0,-0.0,-0.0,-0.0,-0.0,-0.0,-0.0,-0.0,-0.0
-0.0,-0.0,-0.0,-0.0,-0.0,-0.0,-0.0,-0.0,-0.0,-0.0,-0.0,-0.0,-0.0,-0.0,-0.0,-0.0,-0.0,-0.0,-0.0,-0.0,-0.0,-0.0,-0.0,-0.0,-0.0,-52.0,40.0,40.0,40.0,40.0,40.0,40.0,-0.0,80.0,-0.0,-0.0,-0.0,-0.0,40.0,-0.0,-0.0,40.0,-0.0,-0.0,-0.0,-0.0,-0.0,-0.0,-0.0,40.0,-0.0,-0.0,-0.0,-0.0,-0.0,-0.0,-0.0,40.0,-0.0,-0.0,-0.0,-0.0,-0.0,-0.0,-0.0,40.0,-0.0,-0.0,-0.0,-0.0,-0.0,-0.0,-0.0,40.0,-0.0,-0.0,-0.0,-0.0,-0.0,-0.0,-0.0,40.0,-0.0,-0.0,-0.0,-0.0,-0.0,-0.0,-0.0,40.0,-0.0,-0.0,-0.0,-0.0,-0.0,-0.0
-0.0,-0.0,-0.0,-0.0,-0.0,-0.0,-0.0,-0.0,-0.0,-0.0,-0.0,-0.0,-0.0,-0.0,-0.0,-0.0,-0.0,-0.0,-0.0,-0.0,-0.0,-0.0,-0.0,-0.0,-0.0,-0.0,-52.0,40.0,40.0,40.0,40.0,40.0,-0.0,40.0,80.0,40.0,40.0,40.0,40.0,-0.0,-0.0,-0.0,40.0,-0.0,-0.0,-0.0,-0.0,-0.0,-0.0,-0.0,40.0,-0.0,-0.0,-0.0,-0.0,-0.0,-0.0,-0.0,40.0,-0.0,-0.0,-0.0,-0.0,-0.0,-0.0,-0.0,40.0,-0.0,-0.0,-0.0,-0.0,-0.0,-0.0,-0.0,40.0,-0.0,-0.0,-0.0,-0.0,-0.0,-0.0,-0.0,40.0,-0.0,-0.0,-0.0,-0.0,-0.0,-0.0,-0.0,40.0,-0.0,-0.0,-0.0,-0.0,-0.0
-0.0,-0.0,-0.0,-0.0,-0.0,-0.0,-0.0,-0.0,-0.0,-0.0,-0.0,-0.0,-0.0,-0.0,-0.0,-0.0,-0.0,-0.0,-0.0,-0.0,-0.0,-0.0,-0.0,-0.0,-0.0,-0.0,-0.0,-52.0,40.0,40.0,40.0,40.0,-0.0,40.0,40.0,80.0,40.0,40.0,40.0,-0.0,-0.0,-0.0,-0.0,40.0,-0.0,-0.0,-0.0,-0.0,-0.0,-0.0,-0.0,40.0,-0.0,-0.0,-0.0,-0.0,-0.0,-0.0,-0.0,40.0,-0.0,-0.0,-0.0,-0.0,-0.0,-0.0,-0.0,40.0,-0.0,-0.0,-0.0,-0.0,-0.0,-0.0,-0.0,40.0,-0.0,-0.0,-0.0,-0.0,-0.0,-0.0,-0.0,40.0,-0.0,-0.0,-0.0,-0.0,-0.0,-0.0,-0.0,40.0,-0.0,-0.0,-0.0,-0.0
-0.0,-0.0,-0.0,-0.0,-0.0,-0.0,-0.0,-0.0,-0.0,-0.0,-0.0,-0.0,-0.0,-0.0,-0.0,-0.0,-0.0,-0.0,-0.0,-0.0,-0.0,-0.0,-0.0,-0.0,-0.0,-0.0,-0.0,-0.0,-52.0,40.0,40.0,40.0,-0.0,40.0,-0.0,-0.0,80.0,40.0,40.0,-0.0,-0.0,-0.0,-0.0,-0.0,40.0,-0.0,-0.0,-0.0,-0.0,-0.0,-0.0,-0.0,40.0,-0.0,-0.0,-0.0,-0.0,-0.0,-0.0,-0.0,40.0,-0.0,-0.0,-0.0,-0.0,-0.0,-0.0,-0.0,40.0,-0.0,-0.0,-0.0,-0.0,-0.0,-0.0,-0.0,40.0,-0.0,-0.0,-0.0,-0.0,-0.0,-0.0,-0.0,40.0,-0.0,-0.0,-0.0,-0.0,-0.0,-0.0,-0.0,40.0,-0.0,-0.0,-0.0
-0.0,-0.0,-0.0,-0.0,-0.0,-0.0,-0.0,-0.0,-0.0,-0.0,-0.0,-0.0,-0.0,-0.0,-0.0,-0.0,-0.0,-0.0,-0.0,-0.0,-0.0,-0.0,-0.0,-0.0,-0.0,-0.0,-0.0,-0.0,-0.0,-52.0,40.0,40.0,-0.0,40.0,-0.0,-0.0,40.0,80.0,40.0,-0.0,-0.0,-0.0,-0.0,-0.0,-0.0,40.0,-0.0,-0.0,-0.0,-0.0,-0.0,-0.0,-0.0,40.0,-0.0,-0.0,-0.0,-0.0,-0.0,-0.0,-0.0,40.0,-0.0,-0.0,-0.0,-0.0,-0.0,-0.0,-0.0,40.0,-0.0,-0.0,-0.0,-0.0,-0.0,-0.0,-0.0,40.0,-0.0,-0.0,-0.0,-0.0,-0.0,-0.0,-0.0,40.0,-0.0,-0.0,-0.0,-0.0,-0.0,-0.0,-0.0,40.0,-0.0,-0.0
-0.0,-0.0,-0.0,-0.0,-0.0,-0.0,-0.0,-0.0,-0.0,-0.0,-0.0,-0.0,-0.0,-0.0,-0.0,-0.0,-0.0,-0.0,-0.0,-0.0,-0.0,-0.0,-0.0,-0.0,-0.0,-0.0,-0.0,-0.0,-0.0,-0.0,-52.0,40.0,-0.0,40.0,-0.0,-0.0,-0.0,-0.0,80.0,-0.0,-0.0,-0.0,-0.0,-0.0,-0.0,-0.0,40.0,-0.0,-0.0,-0.0,-0.0,-0.0,-0.0,-0.0,40.0,-0.0,-0.0,-0.0,-0.0,-0.0,-0.0,-0.0,40.0,-0.0,-0.0,-0.0,-0.0,-0.0,-0.0,-0.0,40.0,-0.0,-0.0,-0.0,-0.0,-0.0,-0.0,-0.0,40.0,-0.0,-0.0,-0.0,-0.0,-0.0,-0.0,-0.0,40.0,-0.0,-0.0,-0.0,-0.0,-0.0,-0.0,-0.0,40.0,-0.0
-0.0,-0.0,-0.0,-0.0,-0.0,-0.0,-0.0,-0.0,-0.0,-0.0,-0.0,-0.0,-0.0,-0.0,-0.0,-0.0,-0.0,-0.0,-0.0,-0.0,-0.0,-0.0,-0.0,-0.0,-0.0,-0.0,-0.0,-0.0,-0.0,-0.0,-0.0,-52.0,-0.0,40.0,40.0,40.0,40.0,40.0,40.0,80.0,-0.0,-0.0,-0.0,-0.0,-0.0,-0.0,-0.0,40.0,-0.0,-0.0,-0.0,-0.0,-0.0,-0.0,-0.0,40.0,-0.0,-0.0,-0.0,-0.0,-0.0,-0.0,-0.0,40.0,-0.0,-0.0,-0.0,-0.0,-0.0,-0.0,-0.0,40.0,-0.0,-0.0,-0.0,-0.0,-0.0,-0.0,-0.0,40.0,-0.0,-0.0,-0.0,-0.0,-0.0,-0.0,-0.0,40.0,-0.0,-0.0,-0.0,-0.0,-0.0,-0.0,-0.0,40.0
-0.0,-0.0,-0.0,-0.0,-0.0,-0.0,-0.0,-0.0,-0.0,-0.0,-0.0,-0.0,-0.0,-0.0,-0.0,-0.0,-0.0,-0.0,-0.0,-0.0,-0.0,-0.0,-0.0,-0.0,-0.0,-0.0,-0.0,-0.0,-0.0,-0.0,-0.0,-0.0,-24.0,40.0,40.0,40.0,40.0,40.0,40.0,40.0,-0.0,40.0,40.0,40.0,40.0,40.0,40.0,40.0,-0.0,-0.0,-0.0,-0.0,-0.0,-0.0,-0.0,-0.0,-0.0,-0.0,-0.0,-0.0,-0.0,-0.0,-0.0,-0.0,-0.0,-0.0,-0.0,-0.0,-0.0,-0.0,-0.0,-0.0,-0.0,-0.0,-0.0,-0.0,-0.0,-0.0,-0.0,-0.0,-0.0,-0.0,-0.0,-0.0,-0.0,-0.0,-0.0,-0.0,-0.0,-0.0,-0.0,-0.0,-0.0,-0.0,-0.0,-0.0
-0.0,-0.0,-0.0,-0.0,-0.0,-0.0,-0.0,-0.0,-0.0,-0.0,-0.0,-0.0,-0.0,-0.0,-0.0,-0.0,-0.0,-0.0,-0.0,-0.0,-0.0,-0.0,-0.0,-0.0,-0.0,-0.0,-0.0,-0.0,-0.0,-0.0,-0.0,-0.0,-0.0,-52.0,40.0,40.0,40.0,40.0,40.0,40.0,-0.0,80.0,-0.0,-0.0,-0.0,-0.0,40.0,-0.0,-0.0,40.0,-0.0,-0.0,-0.0,-0.0,-0.0,-0.0,-0.0,40.0,-0.0,-0.0,-0.0,-0.0,-0.0,-0.0,-0.0,40.0,-0.0,-0.0,-0.0,-0.0,-0.0,-0.0,-0.0,40.0,-0.0,-0.0,-0.0,-0.0,-0.0,-0.0,-0.0,40.0,-0.0,-0.0,-0.0,-0.0,-0.0,-0.0,-0.0,40.0,-0.0,-0.0,-0.0,-0.0,-0.0,-0.0
-0.0,-0.0,-0.0,-0.0,-0.0,-0.0,-0.0,-0.0,-0.0,-0.0,-0.0,-0.0,-0.0,-0.0,-0.0,-0.0,-0.0,-0.0,-0.0,-0.0,-0.0,-0.0,-0.0,-0.0,-0.0,-0.0,-0.0,-0.0,-0.0,-0.0,-0.0,-0.0,-0.0,-0.0,-52.0,40.0,40.0,40.0,40.0,40.0,-0.0,40.0,80.0,40.0,40.0,40.0,40.0,-0.0,-0.0,-0.0,40.0,-0.0,-0.0,-0.0,-0.0,-0.0,-0.0,-0.0,40.0,-0.0,-0.0,-0.0,-0.0,-0.0,-0.0,-0.0,40.0,-0.0,-0.0,-0.0,-0.0,-0.0,-0.0,-0.0,40.0,-0.0,-0.0,-0.0,-0.0,-0.0,-0.0,-0.0,40.0,-0.0,-0.0,-0.0,-0.0,-0.0,-0.0,-0.0,40.0,-0.0,-0.0,-0.0,-0.0,-0.0
-0.0,-0.0,-0.0,-0.0,-0.0,-0.0,-0.0,-0.0,-0.0,-0.0,-0.0,-0.0,-0.0,-0.0,-0.0,-0.0,-0.0,-0.0,-0.0,-0.0,-0.0,-0.0,-0.0,-0.0,-0.0,-0.0,-0.0,-0.0,-0.0,-0.0,-0.0,-0.0,-0.0,-0.0,-0.0,-52.0,40.0,40.0,40.0,40.0,-0.0,40.0,40.0,80.0,40.0,40.0,40.0,-0.0,-0.0,-0.0,-0.0,40.0,-0.0,-0.0,-0.0,-0.0,-0.0,-0.0,-0.0,40.0,-0.0,-0.0,-0.0,-0.0,-0.0,-0.0,-0.0,40.0,-0.0,-0.0,-0.0,-0.0,-0.0,-0.0,-0.0,40.0,-0.0,-0.0,-0.0,-0.0,-0.0,-0.0,-0.0,40.0,-0.0,-0.0,-0.0,-0.0,-0.0,-0.0,-0.0,40.0,-0.0,-0.0,-0.0,-0.0
-0.0,-0.0,-0.0,-0.0,-0.0,-0.0,-0.0,-0.0,-0.0,-0.0,-0.0,-0.0,-0.0,-0.0,-0.0,-0.0,-0.0,-0.0,-0.0,-0.0,-0.0,-0.0,-0.0,-0.0,-0.0,-0.0,-0.0,-0.0,-0.0,-0.0,-0.0,-0.0,-0.0,-0.0,-0.0,-0.0,-52.0,40.0,40.0,40.0,-0.0,40.0,-0.0,-0.0,80.0,40.0,40.0,-0.0,-0.0,-0.0,-0.0,-0.0,40.0,-0.0,-0.0,-0.0,-0.0,-0.0,-0.0,-0.0,40.0,-0.0,-0.0,-0.0,-0.0,-0.0,-0.0,-0.0,40.0,-0.0,-0.0,-0.0,-0.0,-0.0,-0.0,-0.0,40.0,-0.0,-0.0,-0.0,-0.0,-0.0,-0.0,-0.0,40.0,-0.0,-0.0,-0.0,-0.0,-0.0,-0.0,-0.0,40.0,-0.0,-0.0,-0.0
-0.0,-0.0,-0.0,-0.0,-0.0,-0.0,-0.0,-0.0,-0.0,-0.0,-0.0,-0.0,-0.0,-0.0,-0.0,-0.0,-0.0,-0.0,-0.0,-0.0,-0.0,-0.0,-0.0,-0.0,-0.0,-0.0,-0.0,-0.0,-0.0,-0.0,-0.0,-0.0,-0.0,-0.0,-0.0,-0.0,-0.0,-52.0,40.0,40.0,-0.0,40.0,-0.0,-0.0,40.0,80.0,40.0,-0.0,-0.0,-0.0,-0.0,-0.0,-0.0,40.0,-0.0,-0.0,-0.0,-0.0,-0.0,-0.0,-0.0,40.0,-0.0,-0.0,-0.0,-0.0,-0.0,-0.0,-0.0,40.0,-0.0,-0.0,-0.0,-0.0,-0.0,-0.0,-0.0,40.0,-0.0,-0.0,-0.0,-0.0,-0.0,-0.0,-0.0,40.0,-0.0,-0.0,-0.0,-0.0,-0.0,-0.0,-0.0,40.0,-0.0,-0.0
-0.0,-0.0,-0.0,-0.0,-0.0,-0.0,-0.0,-0.0,-0.0,-0.0,-0.0,-0.0,-0.0,-0.0,-0.0,-0.0,-0.0,-0.0,-0.0,-0.0,-0.0,-0.0,-0.0,-0.0,-0.0,-0.0,-0.0,-0.0,-0.0,-0.0,-0.0,-0.0,-0.0,-0.0,-0.0,-0.0,-0.0,-0.0,-52.0,40.0,-0.0,40.0,-0.0,-0.0,-0.0,-0.0,80.0,-0.0,-0.0,-0.0,-0.0,-0.0,-0.0,-0.0,40.0,-0.0,-0.0,-0.0,-0.0,-0.0,-0.0,-0.0,40.0,-0.0,-0.0,-0.0,-0.0,-0.0,-0.0,-0.0,40.0,-0.0,-0.0,-0.0,-0.0,-0.0,-0.0,-0.0,40.0,-0.0,-0.0,-0.0,-0.0,-0.0,-0.0,-0.0,40.0,-0.0,-0.0,-0.0,-0.0,-0.0,-0.0,-0.0,40.0,-0.0
-0.0,-0.0,-0.0,-0.0,-0.0,-0.0,-0.0,-0.0,-0.0,-0.0,-0.0,-0.0,-0.0,-0.0,-0.0,-0.0,-0.0,-0.0,-0.0,-0.0,-0.0,-0.0,-0.0,-0.0,-0.0,-0.0,-0.0,-0.0,-0.0,-0.0,-0.0,-0.0,-0.0,-0.0,-0.0,-0.0,-0.0,-0.0,-0.0,-52.0,-0.0,40.0,40.0,40.0,40.0,40.0,40.0,80.0,-0.0,-0.0,-0.0,-0.0,-0.0,-0.0,-0.0,40.0,-0.0,-0.0,-0.0,-0.0,-0.0,-0.0,-0.0,40.0,-0.0,-0.0,-0.0,-0.0,-0.0,-0.0,-0.0,40.0,-0.0,-0.0,-0.0,-0.0,-0.0,-0.0,-0.0,40.0,-0.0,-0.0,-0.0,-0.0,-0.0,-0.0,-0.0,40.0,-0.0,-0.0,-0.0,-0.0,-0.0,-0.0,-0.0,40.0
-0.0,-0.0,-0.0,-0.0,-0.0,-0.0,-0.0,-0.0,-0.0,-0.0,-0.0,-0.0,-0.0,-0.0,-0.0,-0.0,-0.0,-0.0,-0.0,-0.0,-0.0,-0.0,-0.0,-0.0,-0.0,-0.0,-0.0,-0.0,-0.0,-0.0,-0.0,-0.0,-0.0,-0.0,-0.0,-0.0,-0.0,-0.0,-0.0,-0.0,-44.0,40.0,40.0,40.0,40.0,40.0,40.0,40.0,-0.0,-0.0,-0.0,-0.0,-0.0,-0.0,-0.0,-0.0,-0.0,-0.0,-0.0,-0.0,-0.0,-0.0,-0.0,-0.0,-0.0,-0.0,-0.0,-0.0,-0.0,-0.0,-0.0,-0.0,-0.0,-0.0,-0.0,-0.0,-0.0,-0.0,-0.0,-0.0,-0.0,-0.0,-0.0,-0.0,-0.0,-0.0,-0.0,-0.0,-0.0,-0.0,-0.0,-0.0,-0.0,-0.0,-0.0,-0.0
-0.0,-0.0,-0.0,-0.0,-0.0,-0.0,-0.0,-0.0,-0.0,-0.0,-0.0,-0.0,-0.0,-0.0,-0.0,-0.0,-0.0,-0.0,-0.0,-0.0,-0.0,-0.0,-0.0,-0.0,-0.0,-0.0,-0.0,-0.0,-0.0,-0.0,-0.0,-0.0,-0.0,-0.0,-0.0,-0.0,-0.0,-0.0,-0.0,-0.0,-0.0,-32.0,40.0,40.0,40.0,40.0,40.0,40.0,-0.0,40.0,-0.0,-0.0,-0.0,-0.0,-0.0,-0.0,-0.0,40.0,-0.0,-0.0,-0.0,-0.0,-0.0,-0.0,-0.0,40.0,-0.0,-0.0,-0.0,-0.0,-0.0,-0.0,-0.0,40.0,-0.0,-0.0,-0.0,-0.0,-0.0,-0.0,-0.0,40.0,-0.0,-0.0,-0.0,-0.0,-0.0,-0.0,-0.0,40.0,-0.0,-0.0,-0.0,-0.0,-0.0,-0.0
-0.0,-0.0,-0.0,-0.0,-0.0,-0.0,-0.0,-0.0,-0.0,-0.0,-0.0,-0.0,-0.0,-0.0,-0.0,-0.0,-0.0,-0.0,-0.0,-0.0,-0.0,-0.0,-0.0,-0.0,-0.0,-0.0,-0.0,-0.0,-0.0,-0.0,-0.0,-0.0,-0.0,-0.0,-0.0,-0.0,-0.0,-0.0,-0.0,-0.0,-0.0,-0.0,-28.0,40.0,40.0,40.0,40.0,40.0,-0.0,-0.0,40.0,-0.0,-0.0,-0.0,-0.0,-0.0,-0.0,-0.0,40.0,-0.0,-0.0,-0.0,-0.0,-0.0,-0.0,-0.0,40.0,-0.0,-0.0,-0.0,-0.0,-0.0,-0.0,-0.0,40.0,-0.0,-0.0,-0.0,-0.0,-0.0,-0.0,-0.0,40.0,-0.0,-0.0,-0.0,-0.0,-0.0,-0.0,-0.0,40.0,-0.0,-0.0,-0.0,-0.0,-0.0
-0.0,-0.0,-0.0,-0.0,-0.0,-0.0,-0.0,-0.0,-0.0,-0.0,-0.0,-0.0,-0.0,-0.0,-0.0,-0.0,-0.0,-0.0,-0.0,-0.0,-0.0,-0.0,-0.0,-0.0,-0.0,-0.0,-0.0,-0.0,-0.0,-0.0,-0.0,-0.0,-0.0,-0.0,-0.0,-0.0,-0.0,-0.0,-0.0,-0.0,-0.0,-0.0,-0.0,-28.0,40.0,40.0,40.0,40.0,-0.0,-0.0,-0.0,40.0,-0.0,-0.0,-0.0,-0.0,-0.0,-0.0,-0.0,40.0,-0.0,-0.0,-0.0,-0.0,-0.0,-0.0,-0.0,40.0,-0.0,-0.0,-0.0,-0.0,-0.0,-0.0,-0.0,40.0,-0.0,-0.0,-0.0,-0.0,-0.0,-0.0,-0.0,40.0,-0.0,-0.0,-0.0,-0.0,-0.0,-0.0,-0.0,40.0,-0.0,-0.0,-0.0,-0.0
-0.0,-0.0,-0.0,-0.0,-0.0,-0.0,-0.0,-0.0,-0.0,-0.0,-0.0,-0.0,-0.0,-0.0,-0.0,-0.0,-0.0,-0.0,-0.0,-0.0,-0.0,-0.0,-0.0,-0.0,-0.0,-0.0,-0.0,-0.0,-0.0,-0.0,-0.0,-0.0,-0.0,-0.0,-0.0,-0.0,-0.0,-0.0,-0.0,-0.0,-0.0,-0.0,-0.0,-0.0,-32.0,40.0,40.0,40.0,-0.0,-0.0,-0.0,-0.0,40.0,-0.0,-0.0,-0.0,-0.0,-0.0,-0.0,-0.0,40.0,-0.0,-0.0,-0.0,-0.0,-0.0,-0.0,-0.0,40.0,-0.0,-0.0,-0.0,-0.0,-0.0,-0.0,-0.0,40.0,-0.0,-0.0,-0.0,-0.0,-0.0,-0.0,-0.0,40.0,-0.0,-0.0,-0.0,-0.0,-0.0,-0.0,-0.0,40.0,-0.0,-0.0,-0.0
-0.0,-0.0,-0.0,-0.0,-0.0,-0.0,-0.0,-0.0,-0.0,-0.0,-0.0,-0.0,-0.0,-0.0,-0.0,-0.0,-0.0,-0.0,-0.0,-0.0,-0.0,-0.0,-0.0,-0.0,-0.0,-0.0,-0.0,-0.0,-0.0,-0.0,-0.0,-0.0,-0.0,-0.0,-0.0,-0.0,-0.0,-0.0,-0.0,-0.0,-0.0,-0.0,-0.0,-0.0,-0.0,-32.0,40.0,40.0,-0.0,-0.0,-0.0,-0.0,-0.0,40.0,-0.0,-0.0,-0.0,-0.0,-0.0,-0.0,-0.0,40.0,-0.0,-0.0,-0.0,-0.0,-0.0,-0.0,-0.0,40.0,-0.0,-0.0,-0.0,-0.0,-0.0,-0.0,-0.0,40.0,-0.0,-0.0,-0.0,-0.0,-0.0,-0.0,-0.0,40.0,-0.0,-0.0,-0.0,-0.0,-0.0,-0.0,-0.0,40.0,-0.0,-0.0
-0.0,-0.0,-0.0,-0.0,-0.0,-0.0,-0.0,-0.0,-0.0,-0.0,-0.0,-0.0,-0.0,-0.0,-0.0,-0.0,-0.0,-0.0,-0.0,-0.0,-0.0,-0.0,-0.0,-0.0,-0.0,-0.0,-0.0,-0.0,-0.0,-0.0,-0.0,-0.0,-0.0,-0.0,-0.0,-0.0,-0.0,-0.0,-0.0,-0.0,-0.0,-0.0,-0.0,-0.0,-0.0,-0.0,-32.0,40.0,-0.0,-0.0,-0.0,-0.0,-0.0,-0.0,40.0,-0.0,-0.0,-0.0,-0.0,-0.0,-0.0,-0.0,40.0,-0.0,-0.0,-0.0,-0.0,-0.0,-0.0,-0.0,40.0,-0.0,-0.0,-0.0,-0.0,-0.0,-0.0,-0.0,40.0,-0.0,-0.0,-0.0,-0.0,-0.0,-0.0,-0.0,40.0,-0.0,-0.0,-0.0,-0.0,-0.0,-0.0,-0.0,40.0,-0.0
-0.0,-0.0,-0.0,-0.0,-0.0,-0.0,-0.0,-0.0,-0.0,-0.0,-0.0,-0.0,-0.0,-0.0,-0.0,-0.0,-0.0,-0.0,-0.0,-0.0,-0.0,-0.0,-0.0,-0.0,-0.0,-0.0,-0.0,-0.0,-0.0,-0.0,-0.0,-0.0,-0.0,-0.0,-0.0,-0.0,-0.0,-0.0,-0.0,-0.0,-0.0,-0.0,-0.0,-0.0,-0.0,-0.0,-0.0,-28.0,-0.0,-0.0,-0.0,-0.0,-0.0,-0.0,-0.0,40.0,-0.0,-0.0,-0.0,-0.0,-0.0,-0.0,-0.0,40.0,-0.0,-0.0,-0.0,-0.0,-0.0,-0.0,-0.0,40.0,-0.0,-0.0,-0.0,-0.0,-0.0,-0.0,-0.0,40.0,-0.0,-0.0,-0.0,-0.0,-0.0,-0.0,-0.0,40.0,-0.0,-0.0,-0.0,-0.0,-0.0,-0.0,-0.0,40.0
-0.0,-0.0,-0.0,-0.0,-0.0,-0.0,-0.0,-0.0,-0.0,-0.0,-0.0,-0.0,-0.0,-0.0,-0.0,-0.0,-0.0,-0.0,-0.0,-0.0,-0.0,-0.0,-0.0,-0.0,-0.0,-0.0,-0.0,-0.0,-0.0,-0.0,-0.0,-0.0,-0.0,-0.0,-0.0,-0.0,-0.0,-0.0,-0.0,-0.0,-0.0,-0.0,-0.0,-0.0,-0.0,-0.0,-0.0,-0.0,-44.0,40.0,40.0,40.0,40.0,40.0,40.0,40.0,-0.0,-0.0,-0.0,-0.0,-0.0,-0.0,-0.0,-0.0,-0.0,-0.0,-0.0,-0.0,-0.0,-0.0,-0.0,-0.0,-0.0,-0.0,-0.0,-0.0,-0.0,-0.0,-0.0,-0.0,-0.0,-0.0,-0.0,-0.0,-0.0,-0.0,-0.0,-0.0,-0.0,-0.0,-0.0,-0.0,-0.0,-0.0,-0.0,-0.0
-0.0,-0.0,-0.0,-0.0,-0.0,-0.0,-0.0,-0.0,-0.0,-0.0,-0.0,-0.0,-0.0,-0.0,-0.0,-0.0,-0.0,-0.0,-0.0,-0.0,-0.0,-0.0,-0.0,-0.0,-0.0,-0.0,-0.0,-0.0,-0.0,-0.0,-0.0,-0.0,-0.0,-0.0,-0.0,-0.0,-0.0,-0.0,-0.0,-0.0,-0.0,-0.0,-0.0,-0.0,-0.0,-0.0,-0.0,-0.0,-0.0,-28.0,40.0,40.0,40.0,40.0,40.0,40.0,-0.0,80.0,-0.0,-0.0,-0.0,-0.0,40.0,-0.0,-0.0,40.0,-0.0,-0.0,-0.0,-0.0,-0.0,-0.0,-0.0,40.0,-0.0,-0.0,-0.0,-0.0,-0.0,-0.0,-0.0,40.0,-0.0,-0.0,-0.0,-0.0,-0.0,-0.0,-0.0,40.0,-0.0,-0.0,-0.0,-0.0,-0.0,-0.0
-0.0,-0.0,-0.0,-0.0,-0.0,-0.0,-0.0,-0.0,-0.0,-0.0,-0.0,-0.0,-0.0,-0.0,-0.0,-0.0,-0.0,-0.0,-0.0,-0.0,-0.0,-0.0,-0.0,-0.0,-0.0,-0.0,-0.0,-0.0,-0.0,-0.0,-0.0,-0.0,-0.0,-0.0,-0.0,-0.0,-0.0,-0.0,-0.0,-0.0,-0.0,-0.0,-0.0,-0.0,-0.0,-0.0,-0.0,-0.0,-0.0,-0.0,-32.0,40.0,40.0,40.0,40.0,40.0,-0.0,40.0,80.0,40.0,40.0,40.0,40.0,-0.0,-0.0,-0.0,40.0,-0.0,-0.0,-0.0,-0.0,-0.0,-0.0,-0.0,40.0,-0.0,-0.0,-0.0,-0.0,-0.0,-0.0,-0.0,40.0,-0.0,-0.0,-0.0,-0.0,-0.0,-0.0,-0.0,40.0,-0.0,-0.0,-0.0,-0.0,-0.0
-0.0,-0.0,-0.0,-0.0,-0.0,-0.0,-0.0,-0.0,-0.0,-0.0,-0.0,-0.0,-0.0,-0.0,-0.0,-0.0,-0.0,-0.0,-0.0,-0.0,-0.0,-0.0,-0.0,-0.0,-0.0,-0.0,-0.0,-0.0,-0.0,-0.0,-0.0,-0.0,-0.0,-0.0,-0.0,-0.0,-0.0,-0.0,-0.0,-0.0,-0.0,-0.0,-0.0,-0.0,-0.0,-0.0,-0.0,-0.0,-0.0,-0.0,-0.0,-32.0,40.0,40.0,40.0,40.0,-0.0,40.0,40.0,80.0,40.0,40.0,40.0,-0.0,-0.0,-0.0,-0.0,40.0,-0.0,-0.0,-0.0,-0.0,-0.0,-0.0,-0.0,40.0,-0.0,-0.0,-0.0,-0.0,-0.0,-0.0,-0.0,40.0,-0.0,-0.0,-0.0,-0.0,-0.0,-0.0,-0.0,40.0,-0.0,-0.0,-0.0,-0.0
-0.0,-0.0,-0.0,-0.0,-0.0,-0.0,-0.0,-0.0,-0.0,-0.0,-0.0,-0.0,-0.0,-0.0,-0.0,-0.0,-0.0,-0.0,-0.0,-0.0,-0.0,-0.0,-0.0,-0.0,-0.0,-0.0,-0.0,-0.0,-0.0,-0.0,-0.0,-0.0,-0.0,-0.0,-0.0,-0.0,-0.0,-0.0,-0.0,-0.0,-0.0,-0.0,-0.0,-0.0,-0.0,-0.0,-0.0,-0.0,-0.0,-0.0,-0.0,-0.0,-28.0,40.0,40.0,40.0,-0.0,40.0,-0.0,-0.0,80.0,40.0,40.0,-0.0,-0.0,-0.0,-0.0,-0.0,40.0,-0.0,-0.0,-0.0,-0.0,-0.0,-0.0,-0.0,40.0,-0.0,-0.0,-0.0,-0.0,-0.0,-0.0,-0.0,40.0,-0.0,-0.0,-0.0,-0.0,-0.0,-0.0,-0.0,40.0,-0.0,-0.0,-0.0
-0.0,-0.0,-0.0,-0.0,-0.0,-0.0,-0.0,-0.0,-0.0,-0.0,-0.0,-0.0,-0.0,-0.0,-0.0,-0.0,-0.0,-0.0,-0.0,-0.0,-0.0,-0.0,-0.0,-0.0,-0.0,-0.0,-0.0,-0.0,-0.0,-0.0,-0.0,-0.0,-0.0,-0.0,-0.0,-0.0,-0.0,-0.0,-0.0,-0.0,-0.0,-0.0,-0.0,-0.0,-0.0,-0.0,-0.0,-0.0,-0.0,-0.0,-0.0,-0.0,-0.0,-28.0,40.0,40.0,-0.0,40.0,-0.0,-0.0,40.0,80.0,40.0,-0.0,-0.0,-0.0,-0.0,-0.0,-0.0,40.0,-0.0,-0.0,-0.0,-0.0,-0.0,-0.0,-0.0,40.0,-0.0,-0.0,-0.0,-0.0,-0.0,-0.0,-0.0,40.0,-0.0,-0.0,-0.0,-0.0,-0.0,-0.0,-0.0,40.0,-0.0,-0.0
-0.0,-0.0,-0.0,-0.0,-0.0,-0.0,-0.0,-0.0,-0.0,-0.0,-0.0,-0.0,-0.0,-0.0,-0.0,-0.0,-0.0,-0.0,-0.0,-0.0,-0.0,-0.0,-0.0,-0.0,-0.0,-0.0,-0.0,-0.0,-0.0,-0.0,-0.0,-0.0,-0.0,-0.0,-0.0,-0.0,-0.0,-0.0,-0.0,-0.0,-0.0,-0.0,-0.0,-0.0,-0.0,-0.0,-0.0,-0.0,-0.0,-0.0,-0.0,-0.0,-0.0,-0.0,-28.0,40.0,-0.0,40.0,-0.0,-0.0,-0.0,-0.0,80.0,-0.0,-0.0,-0.0,-0.0,-0.0,-0.0,-0.0,40.0,-0.0,-0.0,-0.0,-0.0,-0.0,-0.0,-0.0,40.0,-0.0,-0.0,-0.0,-0.0,-0.0,-0.0,-0.0,40.0,-0.0,-0.0,-0.0,-0.0,-0.0,-0.0,-0.0,40.0,-0.0
-0.0,-0.0,-0.0,-0.0,-0.0,-0.0,-0.0,-0.0,-0.0,-0.0,-0.0,-0.0,-0.0,-0.0,-0.0,-0.0,-0.0,-0.0,-0.0,-0.0,-0.0,-0.0,-0.0,-0.0,-0.0,-0.0,-0.0,-0.0,-0.0,-0.0,-0.0,-0.0,-0.0,-0.0,-0.0,-0.0,-0.0,-0.0,-0.0,-0.0,-0.0,-0.0,-0.0,-0.0,-0.0,-0.0,-0.0,-0.0,-0.0,-0.0,-0.0,-0.0,-0.0,-0.0,-0.0,-32.0,-0.0,40.0,40.0,40.0,40.0,40.0,40.0,80.0,-0.0,-0.0,-0.0,-0.0,-0.0,-0.0,-0.0,40.0,-0.0,-0.0,-0.0,-0.0,-0.0,-0.0,-0.0,40.0,-0.0,-0.0,-0.0,-0.0,-0.0,-0.0,-0.0,40.0,-0.0,-0.0,-0.0,-0.0,-0.0,-0.0,-0.0,40.0
-0.0,-0.0,-0.0,-0.0,-0.0,-0.0,-0.0,-0.0,-0.0,-0.0,-0.0,-0.0,-0.0,-0.0,-0.0,-0.0,-0.0,-0.0,-0.0,-0.0,-0.0,-0.0,-0.0,-0.0,-0.0,-0.0,-0.0,-0.0,-0.0,-0.0,-0.0,-0.0,-0.0,-0.0,-0.0,-0.0,-0.0,-0.0,-0.0,-0.0,-0.0,-0.0,-0.0,-0.0,-0.0,-0.0,-0.0,-0.0,-0.0,-0.0,-0.0,-0.0,-0.0,-0.0,-0.0,-0.0,-24.0,40.0,40.0,40.0,40.0,40.0,40.0,40.0,-0.0,40.0,40.0,40.0,40.0,40.0,40.0,40.0,-0.0,-0.0,-0.0,-0.0,-0.0,-0.0,-0.0,-0.0,-0.0,-0.0,-0.0,-0.0,-0.0,-0.0,-0.0,-0.0,-0.0,-0.0,-0.0,-0.0,-0.0,-0.0,-0.0,-0.0
-0.0,-0.0,-0.0,-0.0,-0.0,-0.0,-0.0,-0.0,-0.0,-0.0,-0.0,-0.0,-0.0,-0.0,-0.0,-0.0,-0.0,-0.0,-0.0,-0.0,-0.0,-0.0,-0.0,-0.0,-0.0,-0.0,-0.0,-0.0,-0.0,-0.0,-0.0,-0.0,-0.0,-0.0,-0.0,-0.0,-0.0,-0.0,-0.0,-0.0,-0.0,-0.0,-0.0,-0.0,-0.0,-0.0,-0.0,-0.0,-0.0,-0.0,-0.0,-0.0,-0.0,-0.0,-0.0,-0.0,-0.0,-52.0,40.0,40.0,40.0,40.0,40.0,40.0,-0.0,80.0,-0.0,-0.0,-0.0,-0.0,40.0,-0.0,-0.0,40.0,-0.0,-0.0,-0.0,-0.0,-0.0,-0.0,-0.0,40.0,-0.0,-0.0,-0.0,-0.0,-0.0,-0.0,-0.0,40.0,-0.0,-0.0,-0.0,-0.0,-0.0,-0.0
-0.0,-0.0,-0.0,-0.0,-0.0,-0.0,-0.0,-0.0,-0.0,-0.0,-0.0,-0.0,-0.0,-0.0,-0.0,-0.0,-0.0,-0.0,-0.0,-0.0,-0.0,-0.0,-0.0,-0.0,-0.0,-0.0,-0.0,-0.0,-0.0,-0.0,-0.0,-0.0,-0.0,-0.0,-0.0,-0.0,-0.0,-0.0,-0.0,-0.0,-0.0,-0.0,-0.0,-0.0,-0.0,-0.0,-0.0,-0.0,-0.0,-0.0,-0.0,-0.0,-0.0,-0.0,-0.0,-0.0,-0.0,-0.0,-52.0,40.0,40.0,40.0,40.0,40.0,-0.0,40.0,80.0,40.0,40.0,40.0,40.0,-0.0,-0.0,-0.0,40.0,-0.0,-0.0,-0.0,-0.0,-0.0,-0.0,-0.0,40.0,-0.0,-0.0,-0.0,-0.0,-0.0,-0.0,-0.0,40.0,-0.0,-0.0,-0.0,-0.0,-0.0
-0.0,-0.0,-0.0,-0.0,-0.0,-0.0,-0.0,-0.0,-0.0,-0.0,-0.0,-0.0,-0.0,-0.0,-0.0,-0.0,-0.0,-0.0,-0.0,-0.0,-0.0,-0.0,-0.0,-0.0,-0.0,-0.0,-0.0,-0.0,-0.0,-0.0,-0.0,-0.0,-0.0,-0.0,-0.0,-0.0,-0.0,-0.0,-0.0,-0.0,-0.0,-0.0,-0.0,-0.0,-0.0,-0.0,-0.0,-0.0,-0.0,-0.0,-0.0,-0.0,-0.0,-0.0,-0.0,-0.0,-0.0,-0.0,-0.0,-52.0,40.0,40.0,40.0,40.0,-0.0,40.0,40.0,80.0,40.0,40.0,40.0,-0.0,-0.0,-0.0,-0.0,40.0,-0.0,-0.0,-0.0,-0.0,-0.0,-0.0,-0.0,40.0,-0.0,-0.0,-0.0,-0.0,-0.0,-0.0,-0.0,40.0,-0.0,-0.0,-0.0,-0.0
-0.0,-0.0,-0.0,-0.0,-0.0,-0.0,-0.0,-0.0,-0.0,-0.0,-0.0,-0.0,-0.0,-0.0,-0.0,-0.0,-0.0,-0.0,-0.0,-0.0,-0.0,-0.0,-0.0,-0.0,-0.0,-0.0,-0.0,-0.0,-0.0,-0.0,-0.0,-0.0,-0.0,-0.0,-0.0,-0.0,-0.0,-0.0,-0.0,-0.0,-0.0,-0.0,-0.0,-0.0,-0.0,-0.0,-0.0,-0.0,-0.0,-0.0,-0.0,-0.0,-0.0,-0.0,-0.0,-0.0,-0.0,-0.0,-0.0,-0.0,-52.0,40.0,40.0,40.0,-0.0,40.0,-0.0,-0.0,80.0,40.0,40.0,-0.0,-0.0,-0.0,-0.0,-0.0,40.0,-0.0,-0.0,-0.0,-0.0,-0.0,-0.0,-0.0,40.0,-0.0,-0.0,-0.0,-0.0,-0.0,-0.0,-0.0,40.0,-0.0,-0.0,-0.0
-0.0,-0.0,-0.0,-0.0,-0.0,-0.0,-0.0,-0.0,-0.0,-0.0,-0.0,-0.0,-0.0,-0.0,-0.0,-0.0,-0.0,-0.0,-0.0,-0.0,-0.0,-0.0,-0.0,-0.0,-0.0,-0.0,-0.0,-0.0,-0.0,-0.0,-0.0,-0.0,-0.0,-0.0,-0.0,-0.0,-0.0,-0.0,-0.0,-0.0,-0.0,-0.0,-0.0,-0.0,-0.0,-0.0,-0.0,-0.0,-0.0,-0.0,-0.0,-0.0,-0.0,-0.0,-0.0,-0.0,-0.0,-0.0,-0.0,-0.0,-0.0,-52.0,40.0,40.0,-0.0,40.0,-0.0,-0.0,40.0,80.0,40.0,-0.0,-0.0,-0.0,-0.0,-0.0,-0.0,40.0,-0.0,-0.0,-0.0,-0.0,-0.0,-0.0,-0.0,40.0,-0.0,-0.0,-0.0,-0.0,-0.0,-0.0,-0.0,40.0,-0.0,-0.0
-0.0,-0.0,-0.0,-0.0,-0.0,-0.0,-0.0,-0.0,-0.0,-0.0,-0.0,-0.0,-0.0,-0.0,-0.0,-0.0,-0.0,-0.0,-0.0,-0.0,-0.0,-0.0,-0.0,-0.0,-0.0,-0.0,-0.0,-0.0,-0.0,-0.0,-0.0,-0.0,-0.0,-0.0,-0.0,-0.0,-0.0,-0.0,-0.0,-0.0,-0.0,-0.0,-0.0,-0.0,-0.0,-0.0,-0.0,-0.0,-0.0,-0.0,-0.0,-0.0,-0.0,-0.0,-0.0,-0.0,-0.0,-0.0,-0.0,-0.0,-0.0,-0.0,-52.0,40.0,-0.0,40.0,-0.0,-0.0,-0.0,-0.0,80.0,-0.0,-0.0,-0.0,-0.0,-0.0,-0.0,-0.0,40.0,-0.0,-0.0,-0.0,-0.0,-0.0,-0.0,-0.0,40.0,-0.0,-0.0,-0.0,-0.0,-0.0,-0.0,-0.0,40.0,-0.0
-0.0,-0.0,-0.0,-0.0,-0.0,-0.0,-0.0,-0.0,-0.0,-0.0,-0.0,-0.0,-0.0,-0.0,-0.0,-0.0,-0.0,-0.0,-0.0,-0.0,-0.0,-0.0,-0.0,-0.0,-0.0,-0.0,-0.0,-0.0,-0.0,-0.0,-0.0,-0.0,-0.0,-0.0,-0.0,-0.0,-0.0,-0.0,-0.0,-0.0,-0.0,-0.0,-0.0,-0.0,-0.0,-0.0,-0.0,-0.0,-0.0,-0.0,-0.0,-0.0,-0.0,-0.0,-0.0,-0.0,-0.0,-0.0,-0.0,-0.0,-0.0,-0.0,-0.0,-52.0,-0.0,40.0,40.0,40.0,40.0,40.0,40.0,80.0,-0.0,-0.0,-0.0,-0.0,-0.0,-0.0,-0.0,40.0,-0.0,-0.0,-0.0,-0.0,-0.0,-0.0,-0.0,40.0,-0.0,-0.0,-0.0,-0.0,-0.0,-0.0,-0.0,40.0
-0.0,-0.0,-0.0,-0.0,-0.0,-0.0,-0.0,-0.0,-0.0,-0.0,-0.0,-0.0,-0.0,-0.0,-0.0,-0.0,-0.0,-0.0,-0.0,-0.0,-0.0,-0.0,-0.0,-0.0,-0.0,-0.0,-0.0,-0.0,-0.0,-0.0,-0.0,-0.0,-0.0,-0.0,-0.0,-0.0,-0.0,-0.0,-0.0,-0.0,-0.0,-0.0,-0.0,-0.0,-0.0,-0.0,-0.0,-0.0,-0.0,-0.0,-0.0,-0.0,-0.0,-0.0,-0.0,-0.0,-0.0,-0.0,-0.0,-0.0,-0.0,-0.0,-0.0,-0.0,-24.0,40.0,40.0,40.0,40.0,40.0,40.0,40.0,-0.0,40.0,40.0,40.0,40.0,40.0,40.0,40.0,-0.0,-0.0,-0.0,-0.0,-0.0,-0.0,-0.0,-0.0,-0.0,-0.0,-0.0,-0.0,-0.0,-0.0,-0.0,-0.0
-0.0,-0.0,-0.0,-0.0,-0.0,-0.0,-0.0,-0.0,-0.0,-0.0,-0.0,-0.0,-0.0,-0.0,-0.0,-0.0,-0.0,-0.0,-0.0,-0.0,-0.0,-0.0,-0.0,-0.0,-0.0,-0.0,-0.0,-0.0,-0.0,-0.0,-0.0,-0.0,-0.0,-0.0,-0.0,-0.0,-0.0,-0.0,-0.0,-0.0,-0.0,-0.0,-0.0,-0.0,-0.0,-0.0,-0.0,-0.0,-0.0,-0.0,-0.0,-0.0,-0.0,-0.0,-0.0,-0.0,-0.0,-0.0,-0.0,-0.0,-0.0,-0.0,-0.0,-0.0,-0.0,-52.0,40.0,40.0,40.0,40.0,40.0,40.0,-0.0,80.0,-0.0,-0.0,-0.0,-0.0,40.0,-0.0,-0.0,40.0,-0.0,-0.0,-0.0,-0.0,-0.0,-0.0,-0.0,40.0,-0.0,-0.0,-0.0,-0.0,-0.0,-0.0
-0.0,-0.0,-0.0,-0.0,-0.0,-0.0,-0.0,-0.0,-0.0,-0.0,-0.0,-0.0,-0.0,-0.0,-0.0,-0.0,-0.0,-0.0,-0.0,-0.0,-0.0,-0.0,-0.0,-0.0,-0.0,-0.0,-0.0,-0.0,-0.0,-0.0,-0.0,-0.0,-0.0,-0.0,-0.0,-0.0,-0.0,-0.0,-0.0,-0.0,-0.0,-0.0,-0.0,-0.0,-0.0,-0.0,-0.0,-0.0,-0.0,-0.0,-0.0,-0.0,-0.0,-0.0,-0.0,-0.0,-0.0,-0.0,-0.0,-0.0,-0.0,-0.0,-0.0,-0.0,-0.0,-0.0,-52.0,40.0,40.0,40.0,40.0,40.0,-0.0,40.0,80.0,40.0,40.0,40.0,40.0,-0.0,-0.0,-0.0,40.0,-0.0,-0.0,-0.0,-0.0,-0.0,-0.0,-0.0,40.0,-0.0,-0.0,-0.0,-0.0,-0.0
-0.0,-0.0,-0.0,-0.0,-0.0,-0.0,-0.0,-0.0,-0.0,-0.0,-0.0,-0.0,-0.0,-0.0,-0.0,-0.0,-0.0,-0.0,-0.0,-0.0,-0.0,-0.0,-0.0,-0.0,-0.0,-0.0,-0.0,-0.0,-0.0,-0.0,-0.0,-0.0,-0.0,-0.0,-0.0,-0.0,-0.0,-0.0,-0.0,-0.0,-0.0,-0.0,-0.0,-0.0,-0.0,-0.0,-0.0,-0.0,-0.0,-0.0,-0.0,-0.0,-0.0,-0.0,-0.0,-0.0,-0.0,-0.0,-0.0,-0.0,-0.0,-0.0,-0.0,-0.0,-0.0,-0.0,-0.0,-52.0,40.0,40.0,40.0,40.0,-0.0,40.0,40.0,80.0,40.0,40.0,40.0,-0.0,-0.0,-0.0,-0.0,40.0,-0.0,-0.0,-0.0,-0.0,-0.0,-0.0,-0.0,40.0,-0.0,-0.0,-0.0,-0.0
-0.0,-0.0,-0.0,-0.0,-0.0,-0.0,-0.0,-0.0,-0.0,-0.0,-0.0,-0.0,-0.0,-0.0,-0.0,-0.0,-0.0,-0.0,-0.0,-0.0,-0.0,-0.0,-0.0,-0.0,-0.0,-0.0,-0.0,-0.0,-0.0,-0.0,-0.0,-0.0,-0.0,-0.0,-0.0,-0.0,-0.0,-0.0,-0.0,-0.0,-0.0,-0.0,-0.0,-0.0,-0.0,-0.0,-0.0,-0.0,-0.0,-0.0,-0.0,-0.0,-0.0,-0.0,-0.0,-0.0,-0.0,-0.0,-0.0,-0.0,-0.0,-0.0,-0.0,-0.0,-0.0,-0.0,-0.0,-0.0,-52.0,40.0,40.0,40.0,-0.0,40.0,-0.0,-0.0,80.0,40.0,40.0,-0.0,-0.0,-0.0,-0.0,-0.0,40.0,-0.0,-0.0,-0.0,-0.0,-0.0,-0.0,-0.0,40.0,-0.0,-0.0,-0.0
-0.0,-0.0,-0.0,-0.0,-0.0,-0.0,-0.0,-0.0,-0.0,-0.0,-0.0,-0.0,-0.0,-0.0,-0.0,-0.0,-0.0,-0.0,-0.0,-0.0,-0.0,-0.0,-0.0,-0.0,-0.0,-0.0,-0.0,-0.0,-0.0,-0.0,-0.0,-0.0,-0.0,-0.0,-0.0,-0.0,-0.0,-0.0,-0.0,-0.0,-0.0,-0.0,-0.0,-0.0,-0.0,-0.0,-0.0,-0.0,-0.0,-0.0,-0.0,-0.0,-0.0,-0.0,-0.0,-0.0,-0.0,-0.0,-0.0,-0.0,-0.0,-0.0,-0.0,-0.0,-0.0,-0.0,-0.0,-0.0,-0.0,-52.0,40.0,40.0,-0.0,40.0,-0.0,-0.0,40.0,80.0,40.0,-0.0,-0.0,-0.0,-0.0,-0.0,-0.0,40.0,-0.0,-0.0,-0.0,-0.0,-0.0,-0.0,-0.0,40.0,-0.0,-0.0
-0.0,-0.0,-0.0,-0.0,-0.0,-0.0,-0.0,-0.0,-0.0,-0.0,-0.0,-0.0,-0.0,-0.0,-0.0,-0.0,-0.0,-0.0,-0.0,-0.0,-0.0,-0.0,-0.0,-0.0,-0.0,-0.0,-0.0,-0.0,-0.0,-0.0,-0.0,-0.0,-0.0,-0.0,-0.0,-0.0,-0.0,-0.0,-0.0,-0.0,-0.0,-0.0,-0.0,-0.0,-0.0,-0.0,-0.0,-0.0,-0.0,-0.0,-0.0,-0.0,-0.0,-0.0,-0.0,-0.0,-0.0,-0.0,-0.0,-0.0,-0.0,-0.0,-0.0,-0.0,-0.0,-0.0,-0.0,-0.0,-0.0,-0.0,-52.0,40.0,-0.0,40.0,-0.0,-0.0,-0.0,-0.0,80.0,-0.0,-0.0,-0.0,-0.0,-0.0,-0.0,-0.0,40.0,-0.0,-0.0,-0.0,-0.0,-0.0,-0.0,-0.0,40.0,-0.0
-0.0,-0.0,-0.0,-0.0,-0.0,-0.0,-0.0,-0.0,-0.0,-0.0,-0.0,-0.0,-0.0,-0.0,-0.0,-0.0,-0.0,-0.0,-0.0,-0.0,-0.0,-0.0,-0.0,-0.0,-0.0,-0.0,-0.0,-0.0,-0.0,-0.0,-0.0,-0.0,-0.0,-0.0,-0.0,-0.0,-0.0,-0.0,-0.0,-0.0,-0.0,-0.0,-0.0,-0.0,-0.0,-0.0,-0.0,-0.0,-0.0,-0.0,-0.0,-0.0,-0.0,-0.0,-0.0,-0.0,-0.0,-0.0,-0.0,-0.0,-0.0,-0.0,-0.0,-0.0,-0.0,-0.0,-0.0,-0.0,-0.0,-0.0,-0.0,-52.0,-0.0,40.0,40.0,40.0,40.0,40.0,40.0,80.0,-0.0,-0.0,-0.0,-0.0,-0.0,-0.0,-0.0,40.0,-0.0,-0.0,-0.0,-0.0,-0.0,-0.0,-0.0,40.0
-0.0,-0.0,-0.0,-0.0,-0.0,-0.0,-0.0,-0.0,-0.0,-0.0,-0.0,-0.0,-0.0,-0.0,-0.0,-0.0,-0.0,-0.0,-0.0,-0.0,-0.0,-0.0,-0.0,-0.0,-0.0,-0.0,-0.0,-0.0,-0.0,-0.0,-0.0,-0.0,-0.0,-0.0,-0.0,-0.0,-0.0,-0.0,-0.0,-0.0,-0.0,-0.0,-0.0,-0.0,-0.0,-0.0,-0.0,-0.0,-0.0,-0.0,-0.0,-0.0,-0.0,-0.0,-0.0,-0.0,-0.0,-0.0,-0.0,-0.0,-0.0,-0.0,-0.0,-0.0,-0.0,-0.0,-0.0,-0.0,-0.0,-0.0,-0.0,-0.0,-24.0,40.0,40.0,40.0,40.0,40.0,40.0,40.0,-0.0,40.0,40.0,40.0,40.0,40.0,40.0,40.0,-0.0,-0.0,-0.0,-0.0,-0.0,-0.0,-0.0,-0.0
-0.0,-0.0,-0.0,-0.0,-0.0,-0.0,-0.0,-0.0,-0.0,-0.0,-0.0,-0.0,-0.0,-0.0,-0.0,-0.0,-0.0,-0.0,-0.0,-0.0,-0.0,-0.0,-0.0,-0.0,-0.0,-0.0,-0.0,-0.0,-0.0,-0.0,-0.0,-0.0,-0.0,-0.0,-0.0,-0.0,-0.0,-0.0,-0.0,-0.0,-0.0,-0.0,-0.0,-0.0,-0.0,-0.0,-0.0,-0.0,-0.0,-0.0,-0.0,-0.0,-0.0,-0.0,-0.0,-0.0,-0.0,-0.0,-0.0,-0.0,-0.0,-0.0,-0.0,-0.0,-0.0,-0.0,-0.0,-0.0,-0.0,-0.0,-0.0,-0.0,-0.0,-52.0,40.0,40.0,40.0,40.0,40.0,40.0,-0.0,80.0,-0.0,-0.0,-0.0,-0.0,40.0,-0.0,-0.0,40.0,-0.0,-0.0,-0.0,-0.0,-0.0,-0.0
-0.0,-0.0,-0.0,-0.0,-0.0,-0.0,-0.0,-0.0,-0.0,-0.0,-0.0,-0.0,-0.0,-0.0,-0.0,-0.0,-0.0,-0.0,-0.0,-0.0,-0.0,-0.0,-0.0,-0.0,-0.0,-0.0,-0.0,-0.0,-0.0,-0.0,-0.0,-0.0,-0.0,-0.0,-0.0,-0.0,-0.0,-0.0,-0.0,-0.0,-0.0,-0.0,-0.0,-0.0,-0.0,-0.0,-0.0,-0.0,-0.0,-0.0,-0.0,-0.0,-0.0,-0.0,-0.0,-0.0,-0.0,-0.0,-0.0,-0.0,-0.0,-0.0,-0.0,-0.0,-0.0,-0.0,-0.0,-0.0,-0.0,-0.0,-0.0,-0.0,-0.0,-0.0,-52.0,40.0,40.0,40.0,40.0,40.0,-0.0,40.0,80.0,40.0,40.0,40.0,40.0,-0.0,-0.0,-0.0,40.0,-0.0,-0.0,-0.0,-0.0,-0.0
-0.0,-0.0,-0.0,-0.0,-0.0,-0.0,-0.0,-0.0,-0.0,-0.0,-0.0,-0.0,-0.0,-0.0,-0.0,-0.0,-0.0,-0.0,-0.0,-0.0,-0.0,-0.0,-0.0,-0.0,-0.0,-0.0,-0.0,-0.0,-0.0,-0.0,-0.0,-0.0,-0.0,-0.0,-0.0,-0.0,-0.0,-0.0,-0.0,-0.0,-0.0,-0.0,-0.0,-0.0,-0.0,-0.0,-0.0,-0.0,-0.0,-0.0,-0.0,-0.0,-0.0,-0.0,-0.0,-0.0,-0.0,-0.0,-0.0,-0.0,-0.0,-0.0,-0.0,-0.0,-0.0,-0.0,-0.0,-0.0,-0.0,-0.0,-0.0,-0.0,-0.0,-0.0,-0.0,-52.0,40.0,40.0,40.0,40.0,-0.0,40.0,40.0,80.0,40.0,40.0,40.0,-0.0,-0.0,-0.0,-0.0,40.0,-0.0,-0.0,-0.0,-0.0
-0.0,-0.0,-0.0,-0.0,-0.0,-0.0,-0.0,-0.0,-0.0,-0.0,-0.0,-0.0,-0.0,-0.0,-0.0,-0.0,-0.0,-0.0,-0.0,-0.0,-0.0,-0.0,-0.0,-0.0,-0.0,-0.0,-0.0,-0.0,-0.0,-0.0,-0.0,-0.0,-0.0,-0.0,-0.0,-0.0,-0.0,-0.0,-0.0,-0.0,-0.0,-0.0,-0.0,-0.0,-0.0,-0.0,-0.0,-0.0,-0.0,-0.0,-0.0,-0.0,-0.0,-0.0,-0.0,-0.0,-0.0,-0.0,-0.0,-0.0,-0.0,-0.0,-0.0,-0.0,-0.0,-0.0,-0.0,-0.0,-0.0,-0.0,-0.0,-0.0,-0.0,-0.0,-0.0,-0.0,-52.0,40.0,40.0,40.0,-0.0,40.0,-0.0,-0.0,80.0,40.0,40.0,-0.0,-0.0,-0.0,-0.0,-0.0,40.0,-0.0,-0.0,-0.0
-0.0,-0.0,-0.0,-0.0,-0.0,-0.0,-0.0,-0.0,-0.0,-0.0,-0.0,-0.0,-0.0,-0.0,-0.0,-0.0,-0.0,-0.0,-0.0,-0.0,-0.0,-0.0,-0.0,-0.0,-0.0,-0.0,-0.0,-0.0,-0.0,-0.0,-0.0,-0.0,-0.0,-0.0,-0.0,-0.0,-0.0,-0.0,-0.0,-0.0,-0.0,-0.0,-0.0,-0.0,-0.0,-0.0,-0.0,-0.0,-0.0,-0.0,-0.0,-0.0,-0.0,-0.0,-0.0,-0.0,-0.0,-0.0,-0.0,-0.0,-0.0,-0.0,-0.0,-0.0,-0.0,-0.0,-0.0,-0.0,-0.0,-0.0,-0.0,-0.0,-0.0,-0.0,-0.0,-0.0,-0.0,-52.0,40.0,40.0,-0.0,40.0,-0.0,-0.0,40.0,80.0,40.0,-0.0,-0.0,-0.0,-0.0,-0.0,-0.0,40.0,-0.0,-0.0
-0.0,-0.0,-0.0,-0.0,-0.0,-0.0,-0.0,-0.0,-0.0,-0.0,-0.0,-0.0,-0.0,-0.0,-0.0,-0.0,-0.0,-0.0,-0.0,-0.0,-0.0,-0.0,-0.0,-0.0,-0.0,-0.0,-0.0,-0.0,-0.0,-0.0,-0.0,-0.0,-0.0,-0.0,-0.0,-0.0,-0.0,-0.0,-0.0,-0.0,-0.0,-0.0,-0.0,-0.0,-0.0,-0.0,-0.0,-0.0,-0.0,-0.0,-0.0,-0.0,-0.0,-0.0,-0.0,-0.0,-0.0,-0.0,-0.0,-0.0,-0.0,-0.0,-0.0,-0.0,-0.0,-0.0,-0.0,-0.0,-0.0,-0.0,-0.0,-0.0,-0.0,-0.0,-0.0,-0.0,-0.0,-0.0,-52.0,40.0,-0.0,40.0,-0.0,-0.0,-0.0,-0.0,80.0,-0.0,-0.0,-0.0,-0.0,-0.0,-0.0,-0.0,40.0,-0.0
-0.0,-0.0,-0.0,-0.0,-0.0,-0.0,-0.0,-0.0,-0.0,-0.0,-0.0,-0.0,-0.0,-0.0,-0.0,-0.0,-0.0,-0.0,-0.0,-0.0,-0.0,-0.0,-0.0,-0.0,-0.0,-0.0,-0.0,-0.0,-0.0,-0.0,-0.0,-0.0,-0.0,-0.0,-0.0,-0.0,-0.0,-0.0,-0.0,-0.0,-0.0,-0.0,-0.0,-0.0,-0.0,-0.0,-0.0,-0.0,-0.0,-0.0,-0.0,-0.0,-0.0,-0.0,-0.0,-0.0,-0.0,-0.0,-0.0,-0.0,-0.0,-0.0,-0.0,-0.0,-0.0,-0.0,-0.0,-0.0,-0.0,-0.0,-0.0,-0.0,-0.0,-0.0,-0.0,-0.0,-0.0,-0.0,-0.0,-52.0,-0.0,40.0,40.0,40.0,40.0,40.0,40.0,80.0,-0.0,-0.0,-0.0,-0.0,-0.0,-0.0,-0.0,40.0
-0.0,-0.0,-0.0,-0.0,-0.0,-0.0,-0.0,-0.0,-0.0,-0.0,-0.0,-0.0,-0.0,-0.0,-0.0,-0.0,-0.0,-0.0,-0.0,-0.0,-0.0,-0.0,-0.0,-0.0,-0.0,-0.0,-0.0,-0.0,-0.0,-0.0,-0.0,-0.0,-0.0,-0.0,-0.0,-0.0,-0.0,-0.0,-0.0,-0.0,-0.0,-0.0,-0.0,-0.0,-0.0,-0.0,-0.0,-0.0,-0.0,-0.0,-0.0,-0.0,-0.0,-0.0,-0.0,-0.0,-0.0,-0.0,-0.0,-0.0,-0.0,-0.0,-0.0,-0.0,-0.0,-0.0,-0.0,-0.0,-0.0,-0.0,-0.0,-0.0,-0.0,-0.0,-0.0,-0.0,-0.0,-0.0,-0.0,-0.0,-24.0,40.0,40.0,40.0,40.0,40.0,40.0,40.0,-0.0,40.0,40.0,40.0,40.0,40.0,40.0,40.0
-0.0,-0.0,-0.0,-0.0,-0.0,-0.0,-0.0,-0.0,-0.0,-0.0,-0.0,-0.0,-0.0,-0.0,-0.0,-0.0,-0.0,-0.0,-0.0,-0.0,-0.0,-0.0,-0.0,-0.0,-0.0,-0.0,-0.0,-0.0,-0.0,-0.0,-0.0,-0.0,-0.0,-0.0,-0.0,-0.0,-0.0,-0.0,-0.0,-0.0,-0.0,-0.0,-0.0,-0.0,-0.0,-0.0,-0.0,-0.0,-0.0,-0.0,-0.0,-0.0,-0.0,-0.0,-0.0,-0.0,-0.0,-0.0,-0.0,-0.0,-0.0,-0.0,-0.0,-0.0,-0.0,-0.0,-0.0,-0.0,-0.0,-0.0,-0.0,-0.0,-0.0,-0.0,-0.0,-0.0,-0.0,-0.0,-0.0,-0.0,-0.0,-52.0,40.0,40.0,40.0,40.0,40.0,40.0,-0.0,80.0,-0.0,-0.0,-0.0,-0.0,40.0,-0.0
-0.0,-0.0,-0.0,-0.0,-0.0,-0.0,-0.0,-0.0,-0.0,-0.0,-0.0,-0.0,-0.0,-0.0,-0.0,-0.0,-0.0,-0.0,-0.0,-0.0,-0.0,-0.0,-0.0,-0.0,-0.0,-0.0,-0.0,-0.0,-0.0,-0.0,-0.0,-0.0,-0.0,-0.0,-0.0,-0.0,-0.0,-0.0,-0.0,-0.0,-0.0,-0.0,-0.0,-0.0,-0.0,-0.0,-0.0,-0.0,-0.0,-0.0,-0.0,-0.0,-0.0,-0.0,-0.0,-0.0,-0.0,-0.0,-0.0,-0.0,-0.0,-0.0,-0.0,-0.0,-0.0,-0.0,-0.0,-0.0,-0.0,-0.0,-0.0,-0.0,-0.0,-0.0,-0.0,-0.0,-0.0,-0.0,-0.0,-0.0,-0.0,-0.0,-52.0,40.0,40.0,40.0,40.0,40.0,-0.0,40.0,80.0,40.0,40.0,40.0,40.0,-0.0
-0.0,-0.0,-0.0,-0.0,-0.0,-0.0,-0.0,-0.0,-0.0,-0.0,-0.0,-0.0,-0.0,-0.0,-0.0,-0.0,-0.0,-0.0,-0.0,-0.0,-0.0,-0.0,-0.0,-0.0,-0.0,-0.0,-0.0,-0.0,-0.0,-0.0,-0.0,-0.0,-0.0,-0.0,-0.0,-0.0,-0.0,-0.0,-0.0,-0.0,-0.0,-0.0,-0.0,-0.0,-0.0,-0.0,-0.0,-0.0,-0.0,-0.0,-0.0,-0.0,-0.0,-0.0,-0.0,-0.0,-0.0,-0.0,-0.0,-0.0,-0.0,-0.0,-0.0,-0.0,-0.0,-0.0,-0.0,-0.0,-0.0,-0.0,-0.0,-0.0,-0.0,-0.0,-0.0,-0.0,-0.0,-0.0,-0.0,-0.0,-0.0,-0.0,-0.0,-52.0,40.0,40.0,40.0,40.0,-0.0,40.0,40.0,80.0,40.0,40.0,40.0,-0.0
-0.0,-0.0,-0.0,-0.0,-0.0,-0.0,-0.0,-0.0,-0.0,-0.0,-0.0,-0.0,-0.0,-0.0,-0.0,-0.0,-0.0,-0.0,-0.0,-0.0,-0.0,-0.0,-0.0,-0.0,-0.0,-0.0,-0.0,-0.0,-0.0,-0.0,-0.0,-0.0,-0.0,-0.0,-0.0,-0.0,-0.0,-0.0,-0.0,-0.0,-0.0,-0.0,-0.0,-0.0,-0.0,-0.0,-0.0,-0.0,-0.0,-0.0,-0.0,-0.0,-0.0,-0.0,-0.0,-0.0,-0.0,-0.0,-0.0,-0.0,-0.0,-0.0,-0.0,-0.0,-0.0,-0.0,-0.0,-0.0,-0.0,-0.0,-0.0,-0.0,-0.0,-0.0,-0.0,-0.0,-0.0,-0.0,-0.0,-0.0,-0.0,-0.0,-0.0,-0.0,-52.0,40.0,40.0,40.0,-0.0,40.0,-0.0,-0.0,80.0,40.0,40.0,-0.0
-0.0,-0.0,-0.0,-0.0,-0.0,-0.0,-0.0,-0.0,-0.0,-0.0,-0.0,-0.0,-0.0,-0.0,-0.0,-0.0,-0.0,-0.0,-0.0,-0.0,-0.0,-0.0,-0.0,-0.0,-0.0,-0.0,-0.0,-0.0,-0.0,-0.0,-0.0,-0.0,-0.0,-0.0,-0.0,-0.0,-0.0,-0.0,-0.0,-0.0,-0.0,-0.0,-0.0,-0.0,-0.0,-0.0,-0.0,-0.0,-0.0,-0.0,-0.0,-0.0,-0.0,-0.0,-0.0,-0.0,-0.0,-0.0,-0.0,-0.0,-0.0,-0.0,-0.0,-0.0,-0.0,-0.0,-0.0,-0.0,-0.0,-0.0,-0.0,-0.0,-0.0,-0.0,-0.0,-0.0,-0.0,-0.0,-0.0,-0.0,-0.0,-0.0,-0.0,-0.0,-0.0,-52.0,40.0,40.0,-0.0,40.0,-0.0,-0.0,40.0,80.0,40.0,-0.0
-0.0,-0.0,-0.0,-0.0,-0.0,-0.0,-0.0,-0.0,-0.0,-0.0,-0.0,-0.0,-0.0,-0.0,-0.0,-0.0,-0.0,-0.0,-0.0,-0.0,-0.0,-0.0,-0.0,-0.0,-0.0,-0.0,-0.0,-0.0,-0.0,-0.0,-0.0,-0.0,-0.0,-0.0,-0.0,-0.0,-0.0,-0.0,-0.0,-0.0,-0.0,-0.0,-0.0,-0.0,-0.0,-0.0,-0.0,-0.0,-0.0,-0.0,-0.0,-0.0,-0.0,-0.0,-0.0,-0.0,-0.0,-0.0,-0.0,-0.0,-0.0,-0.0,-0.0,-0.0,-0.0,-0.0,-0.0,-0.0,-0.0,-0.0,-0.0,-0.0,-0.0,-0.0,-0.0,-0.0,-0.0,-0.0,-0.0,-0.0,-0.0,-0.0,-0.0,-0.0,-0.0,-0.0,-52.0,40.0,-0.0,40.0,-0.0,-0.0,-0.0,-0.0,80.0,-0.0
-0.0,-0.0,-0.0,-0.0,-0.0,-0.0,-0.0,-0.0,-0.0,-0.0,-0.0,-0.0,-0.0,-0.0,-0.0,-0.0,-0.0,-0.0,-0.0,-0.0,-0.0,-0.0,-0.0,-0.0,-0.0,-0.0,-0.0,-0.0,-0.0,-0.0,-0.0,-0.0,-0.0,-0.0,-0.0,-0.0,-0.0,-0.0,-0.0,-0.0,-0.0,-0.0,-0.0,-0.0,-0.0,-0.0,-0.0,-0.0,-0.0,-0.0,-0.0,-0.0,-0.0,-0.0,-0.0,-0.0,-0.0,-0.0,-0.0,-0.0,-0.0,-0.0,-0.0,-0.0,-0.0,-0.0,-0.0,-0.0,-0.0,-0.0,-0.0,-0.0,-0.0,-0.0,-0.0,-0.0,-0.0,-0.0,-0.0,-0.0,-0.0,-0.0,-0.0,-0.0,-0.0,-0.0,-0.0,-52.0,-0.0,40.0,40.0,40.0,40.0,40.0,40.0,80.0
-0.0,-0.0,-0.0,-0.0,-0.0,-0.0,-0.0,-0.0,-0.0,-0.0,-0.0,-0.0,-0.0,-0.0,-0.0,-0.0,-0.0,-0.0,-0.0,-0.0,-0.0,-0.0,-0.0,-0.0,-0.0,-0.0,-0.0,-0.0,-0.0,-0.0,-0.0,-0.0,-0.0,-0.0,-0.0,-0.0,-0.0,-0.0,-0.0,-0.0,-0.0,-0.0,-0.0,-0.0,-0.0,-0.0,-0.0,-0.0,-0.0,-0.0,-0.0,-0.0,-0.0,-0.0,-0.0,-0.0,-0.0,-0.0,-0.0,-0.0,-0.0,-0.0,-0.0,-0.0,-0.0,-0.0,-0.0,-0.0,-0.0,-0.0,-0.0,-0.0,-0.0,-0.0,-0.0,-0.0,-0.0,-0.0,-0.0,-0.0,-0.0,-0.0,-0.0,-0.0,-0.0,-0.0,-0.0,-0.0,-44.0,40.0,40.0,40.0,40.0,40.0,40.0,40.0
-0.0,-0.0,-0.0,-0.0,-0.0,-0.0,-0.0,-0.0,-0.0,-0.0,-0.0,-0.0,-0.0,-0.0,-0.0,-0.0,-0.0,-0.0,-0.0,-0.0,-0.0,-0.0,-0.0,-0.0,-0.0,-0.0,-0.0,-0.0,-0.0,-0.0,-0.0,-0.0,-0.0,-0.0,-0.0,-0.0,-0.0,-0.0,-0.0,-0.0,-0.0,-0.0,-0.0,-0.0,-0.0,-0.0,-0.0,-0.0,-0.0,-0.0,-0.0,-0.0,-0.0,-0.0,-0.0,-0.0,-0.0,-0.0,-0.0,-0.0,-0.0,-0.0,-0.0,-0.0,-0.0,-0.0,-0.0,-0.0,-0.0,-0.0,-0.0,-0.0,-0.0,-0.0,-0.0,-0.0,-0.0,-0.0,-0.0,-0.0,-0.0,-0.0,-0.0,-0.0,-0.0,-0.0,-0.0,-0.0,-0.0,-32.0,40.0,40.0,40.0,40.0,40.0,40.0
-0.0,-0.0,-0.0,-0.0,-0.0,-0.0,-0.0,-0.0,-0.0,-0.0,-0.0,-0.0,-0.0,-0.0,-0.0,-0.0,-0.0,-0.0,-0.0,-0.0,-0.0,-0.0,-0.0,-0.0,-0.0,-0.0,-0.0,-0.0,-0.0,-0.0,-0.0,-0.0,-0.0,-0.0,-0.0,-0.0,-0.0,-0.0,-0.0,-0.0,-0.0,-0.0,-0.0,-0.0,-0.0,-0.0,-0.0,-0.0,-0.0,-0.0,-0.0,-0.0,-0.0,-0.0,-0.0,-0.0,-0.0,-0.0,-0.0,-0.0,-0.0,-0.0,-0.0,-0.0,-0.0,-0.0,-0.0,-0.0,-0.0,-0.0,-0.0,-0.0,-0.0,-0.0,-0.0,-0.0,-0.0,-0.0,-0.0,-0.0,-0.0,-0.0,-0.0,-0.0,-0.0,-0.0,-0.0,-0.0,-0.0,-0.0,-28.0,40.0,40.0,40.0,40.0,40.0
-0.0,-0.0,-0.0,-0.0,-0.0,-0.0,-0.0,-0.0,-0.0,-0.0,-0.0,-0.0,-0.0,-0.0,-0.0,-0.0,-0.0,-0.0,-0.0,-0.0,-0.0,-0.0,-0.0,-0.0,-0.0,-0.0,-0.0,-0.0,-0.0,-0.0,-0.0,-0.0,-0.0,-0.0,-0.0,-0.0,-0.0,-0.0,-0.0,-0.0,-0.0,-0.0,-0.0,-0.0,-0.0,-0.0,-0.0,-0.0,-0.0,-0.0,-0.0,-0.0,-0.0,-0.0,-0.0,-0.0,-0.0,-0.0,-0.0,-0.0,-0.0,-0.0,-0.0,-0.0,-0.0,-0.0,-0.0,-0.0,-0.0,-0.0,-0.0,-0.0,-0.0,-0.0,-0.0,-0.0,-0.0,-0.0,-0.0,-0.0,-0.0,-0.0,-0.0,-0.0,-0.0,-0.0,-0.0,-0.0,-0.0,-0.0,-0.0,-28.0,40.0,40.0,40.0,40.0
-0.0,-0.0,-0.0,-0.0,-0.0,-0.0,-0.0,-0.0,-0.0,-0.0,-0.0,-0.0,-0.0,-0.0,-0.0,-0.0,-0.0,-0.0,-0.0,-0.0,-0.0,-0.0,-0.0,-0.0,-0.0,-0.0,-0.0,-0.0,-0.0,-0.0,-0.0,-0.0,-0.0,-0.0,-0.0,-0.0,-0.0,-0.0,-0.0,-0.0,-0.0,-0.0,-0.0,-0.0,-0.0,-0.0,-0.0,-0.0,-0.0,-0.0,-0.0,-0.0,-0.0,-0.0,-0.0,-0.0,-0.0,-0.0,-0.0,-0.0,-0.0,-0.0,-0.0,-0.0,-0.0,-0.0,-0.0,-0.0,-0.0,-0.0,-0.0,-0.0,-0.0,-0.0,-0.0,-0.0,-0.0,-0.0,-0.0,-0.0,-0.0,-0.0,-0.0,-0.0,-0.0,-0.0,-0.0,-0.0,-0.0,-0.0,-0.0,-0.0,-32.0,40.0,40.0,40.0
-0.0,-0.0,-0.0,-0.0,-0.0,-0.0,-0.0,-0.0,-0.0,-0.0,-0.0,-0.0,-0.0,-0.0,-0.0,-0.0,-0.0,-0.0,-0.0,-0.0,-0.0,-0.0,-0.0,-0.0,-0.0,-0.0,-0.0,-0.0,-0.0,-0.0,-0.0,-0.0,-0.0,-0.0,-0.0,-0.0,-0.0,-0.0,-0.0,-0.0,-0.0,-0.0,-0.0,-0.0,-0.0,-0.0,-0.0,-0.0,-0.0,-0.0,-0.0,-0.0,-0.0,-0.0,-0.0,-0.0,-0.0,-0.0,-0.0,-0.0,-0.0,-0.0,-0.0,-0.0,-0.0,-0.0,-0.0,-0.0,-0.0,-0.0,-0.0,-0.0,-0.0,-0.0,-0.0,-0.0,-0.0,-0.0,-0.0,-0.0,-0.0,-0.0,-0.0,-0.0,-0.0,-0.0,-0.0,-0.0,-0.0,-0.0,-0.0,-0.0,-0.0,-32.0,40.0,40.0
-0.0,-0.0,-0.0,-0.0,-0.0,-0.0,-0.0,-0.0,-0.0,-0.0,-0.0,-0.0,-0.0,-0.0,-0.0,-0.0,-0.0,-0.0,-0.0,-0.0,-0.0,-0.0,-0.0,-0.0,-0.0,-0.0,-0.0,-0.0,-0.0,-0.0,-0.0,-0.0,-0.0,-0.0,-0.0,-0.0,-0.0,-0.0,-0.0,-0.0,-0.0,-0.0,-0.0,-0.0,-0.0,-0.0,-0.0,-0.0,-0.0,-0.0,-0.0,-0.0,-0.0,-0.0,-0.0,-0.0,-0.0,-0.0,-0.0,-0.0,-0.0,-0.0,-0.0,-0.0,-0.0,-0.0,-0.0,-0.0,-0.0,-0.0,-0.0,-0.0,-0.0,-0.0,-0.0,-0.0,-0.0,-0.0,-0.0,-0.0,-0.0,-0.0,-0.0,-0.0,-0.0,-0.0,-0.0,-0.0,-0.0,-0.0,-0.0,-0.0,-0.0,-0.0,-32.0,40.0
-0.0,-0.0,-0.0,-0.0,-0.0,-0.0,-0.0,-0.0,-0.0,-0.0,-0.0,-0.0,-0.0,-0.0,-0.0,-0.0,-0.0,-0.0,-0.0,-0.0,-0.0,-0.0,-0.0,-0.0,-0.0,-0.0,-0.0,-0.0,-0.0,-0.0,-0.0,-0.0,-0.0,-0.0,-0.0,-0.0,-0.0,-0.0,-0.0,-0.0,-0.0,-0.0,-0.0,-0.0,-0.0,-0.0,-0.0,-0.0,-0.0,-0.0,-0.0,-0.0,-0.0,-0.0,-0.0,-0.0,-0.0,-0.0,-0.0,-0.0,-0.0,-0.0,-0.0,-0.0,-0.0,-0.0,-0.0,-0.0,-0.0,-0.0,-0.0,-0.0,-0.0,-0.0,-0.0,-0.0,-0.0,-0.0,-0.0,-0.0,-0.0,-0.0,-0.0,-0.0,-0.0,-0.0,-0.0,-0.0,-0.0,-0.0,-0.0,-0.0,-0.0,-0.0,-0.0,-28.0
